<?xml version='1.0' encoding='UTF-8'?>
<tags>

  <resource identifier="${gimp_data_dir}/brushes/Round.vbr" checksum="a7f02530d3bc7484c8f9240cbe9c65b1">
    <tag>round</tag>
  </resource>

  <resource identifier="${gimp_data_dir}/brushes/Round-Fuzzy.vbr" checksum="f8cb2466841104a55e42afce4568d103">
    <tag>fuzzy</tag>
    <tag>round</tag>
  </resource>

  <resource identifier="gimp-brush-clipboard" checksum="85c3508f68bb9e8a98089d6215ef6c1c">
  </resource>

  <resource identifier="${gimp_dir}/brushes/a1.vbr" checksum="9b742aa748bb566cac843c14f6975b12">
  </resource>

  <resource identifier="${gimp_dir}/brushes/b2.vbr" checksum="3029954f24de3d2f7768cee239024bc8">
  </resource>

  <resource identifier="${gimp_dir}/brushes/c3.vbr" checksum="8444134e95644bcd6632cb5e5daa1686">
  </resource>

  <resource identifier="${gimp_dir}/brushes/d4.vbr" checksum="8dce882a7a1eaa9b47f1effa8f4fbc30">
  </resource>

  <resource identifier="${gimp_dir}/brushes/e5.vbr" checksum="35d91348648041a8cf4779c41b744795">
  </resource>

  <resource identifier="${gimp_dir}/brushes/f6.vbr" checksum="3bcb7448c9ec98e5278de65854caae6d">
  </resource>

  <resource identifier="${gimp_dir}/brushes/g7.vbr" checksum="652d7926e9666911e5334c778e0493fa">
  </resource>

  <resource identifier="${gimp_dir}/brushes/h9.vbr" checksum="208966a0f3535c6d237ec4f0a7c62c3a">
  </resource>

  <resource identifier="${gimp_dir}/brushes/i12.vbr" checksum="f83a8b9ae2736dc467c2a7910e9bfc6b">
  </resource>

  <resource identifier="${gimp_dir}/brushes/j13.vbr" checksum="c2c658c531d639879053c0cc3e8bb285">
  </resource>

  <resource identifier="${gimp_dir}/brushes/k16.vbr" checksum="8b460fcf53cbd3ccf0bdd758c72b1dc0">
  </resource>

  <resource identifier="${gimp_dir}/brushes/l18.vbr" checksum="cadc8672534ec4deb333546ba5a13e58">
  </resource>

  <resource identifier="${gimp_dir}/brushes/m19.vbr" checksum="0529acfb576133886bfe17de081809b5">
  </resource>

  <resource identifier="${gimp_dir}/brushes/n24.vbr" checksum="8706f1812e4bf077e7b745502fa75449">
  </resource>

  <resource identifier="${gimp_dir}/brushes/o28.vbr" checksum="d09989c644a2215dd333b99a9558ae08">
  </resource>

  <resource identifier="${gimp_dir}/brushes/p32.vbr" checksum="7adb839b77629acd958a16fd3fcfecff">
  </resource>

  <resource identifier="${gimp_dir}/brushes/q36.vbr" checksum="57bafeaf9fa412151ad54aa6f84afffb">
  </resource>

  <resource identifier="${gimp_dir}/brushes/r38.vbr" checksum="3dce8cf0b9d56a8c99f4c808e89b4e6d">
  </resource>

  <resource identifier="${gimp_dir}/brushes/s48.vbr" checksum="2b5219de15627c4d72bdd9b94d0fb507">
  </resource>

  <resource identifier="${gimp_dir}/brushes/t60.vbr" checksum="c9d96e1d8eeb4af9ba781b014cb0ce79">
  </resource>

  <resource identifier="${gimp_dir}/brushes/Ba1.vbr" checksum="9b742aa748bb566cac843c14f6975b12">
  </resource>

  <resource identifier="${gimp_dir}/brushes/Bb2.vbr" checksum="f14c3892ac55cc2a6549f32e5a264f99">
  </resource>

  <resource identifier="${gimp_dir}/brushes/Bc3.vbr" checksum="3993bd2970dff807874ff9fa523a5546">
  </resource>

  <resource identifier="${gimp_dir}/brushes/Be4.vbr" checksum="7e9092704bb584e6bdc7d94b829ef233">
  </resource>

  <resource identifier="${gimp_dir}/brushes/Bf5.vbr" checksum="f1fdf7592e647f4344b9d9cb37192406">
  </resource>

  <resource identifier="${gimp_dir}/brushes/Bg7.vbr" checksum="57f25bc5bfa8f598bbadea80d3d16987">
  </resource>

  <resource identifier="${gimp_dir}/brushes/Bh9.vbr" checksum="c90832649d8b1151fbb7816e6dac8b6c">
  </resource>

  <resource identifier="${gimp_dir}/brushes/Bi12.vbr" checksum="641d86961e4adcb839c1aecf6f59ecbe">
  </resource>

  <resource identifier="${gimp_dir}/brushes/Bj13.vbr" checksum="99eb4592f463d6e62eec2ee2e70df58a">
  </resource>

  <resource identifier="${gimp_dir}/brushes/Bk16.vbr" checksum="eb443c4dac3be3e6fa222eb227ce58bb">
  </resource>

  <resource identifier="${gimp_dir}/brushes/Bl17.vbr" checksum="f95ce98b68aba71ef4f2a9d944eb8abf">
  </resource>

  <resource identifier="${gimp_dir}/brushes/Bm18.vbr" checksum="d19628a36a262c7e8ceb23b829315d43">
  </resource>

  <resource identifier="${gimp_dir}/brushes/Bn21.vbr" checksum="0b3b279d3fd55ec6c14a23530ae56216">
  </resource>

  <resource identifier="${gimp_dir}/brushes/Bo24.vbr" checksum="003e27899a537c69b0219b8e392a952a">
  </resource>

  <resource identifier="${gimp_dir}/brushes/Bp28.vbr" checksum="b9f70cead7373a445a85bb8f8698d938">
  </resource>

  <resource identifier="${gimp_dir}/brushes/Bq35.vbr" checksum="ce7b4a86e2c08aee7a781c373c181ac0">
  </resource>

  <resource identifier="${gimp_dir}/brushes/Br45.vbr" checksum="5c5820ad6ec4c10b8ecbca81178bc0a3">
  </resource>

  <resource identifier="${gimp_dir}/brushes/Bs48.vbr" checksum="455a5b4be102e79e6a1cd0975a3ae4a6">
  </resource>

  <resource identifier="${gimp_dir}/brushes/Bt60.vbr" checksum="cfca2f1a3bf5c504ead38c6e3d167917">
  </resource>

  <resource identifier="${gimp_dir}/brushes/Bu65.vbr" checksum="3e81b21d595217dfaef5c4af56ff6a7a">
  </resource>

  <resource identifier="${gimp_dir}/brushes/Bv100.vbr" checksum="904b1ea0c19e55f2a0ff06809fca9897">
  </resource>

  <resource identifier="${gimp_dir}/brushes/Bw300.vbr" checksum="891b0fc2e85290f3665429ef6d8f2fd8">
  </resource>

  <resource identifier="${gimp_dir}/brushes/Bx500.vbr" checksum="f878d6d775d90e1364e90a98ff972dea">
  </resource>

  <resource identifier="${gimp_data_dir}/brushes/Basic/1-pixel.vbr" checksum="b22c1fec1056f979b1d17e4cc80e9112">
  </resource>

  <resource identifier="${gimp_data_dir}/brushes/Basic/Block-01.vbr" checksum="5a8e52d10d9a0cddcc31cf3507a41d06">
  </resource>

  <resource identifier="${gimp_data_dir}/brushes/Basic/Block-02.vbr" checksum="a6ab0bd0159ddcde4405e9cf0d3a07fc">
  </resource>

  <resource identifier="${gimp_data_dir}/brushes/Basic/Block-03.vbr" checksum="70399a5e4e39151d23cf365749da49f5">
  </resource>

  <resource identifier="${gimp_data_dir}/brushes/Basic/Hardness-025.vbr" checksum="0e82572c8b71c4155e7364d66bc0ffce">
  </resource>

  <resource identifier="${gimp_data_dir}/brushes/Basic/Hardness-050.vbr" checksum="1203f10747c787a9345529a4b5150a5e">
  </resource>

  <resource identifier="${gimp_data_dir}/brushes/Basic/Hardness-075.vbr" checksum="eaf8d3adf6df55c97dd30aee0a1bba22">
  </resource>

  <resource identifier="${gimp_data_dir}/brushes/Basic/Hardness-100.vbr" checksum="c67eef177816d6ef25cc790cb54ab9e3">
  </resource>

  <resource identifier="${gimp_data_dir}/brushes/Basic/Star.vbr" checksum="9f799f34788daa90ffb9cf981226a120">
  </resource>

  <resource identifier="${gimp_data_dir}/brushes/Media/Acrylic-01.gih" checksum="9ec0779f4c84fb3d0844bcdb069c8e0a">
  </resource>

  <resource identifier="${gimp_data_dir}/brushes/Media/Acrylic-02.gih" checksum="da0b21c73078882a59430ce68e8860b9">
  </resource>

  <resource identifier="${gimp_data_dir}/brushes/Media/Acrylic-03.gih" checksum="46c0656093b556418dbcd24de48a2596">
  </resource>

  <resource identifier="${gimp_data_dir}/brushes/Media/Acrylic-04.gih" checksum="11311bde958533f3b7ada598af5c6d46">
  </resource>

  <resource identifier="${gimp_data_dir}/brushes/Media/Acrylic-05.gih" checksum="69d6b269dffc2db6a6f44b380aaf1e5e">
  </resource>

  <resource identifier="${gimp_data_dir}/brushes/Legacy/confetti.gih" checksum="d136b60fdd9cf41693a485a329b32e95">
  </resource>

  <resource identifier="${gimp_data_dir}/brushes/Media/Bristles-01.gbr" checksum="fdb59dabc3b9fc9716bd87cfe225ba3b">
  </resource>

  <resource identifier="${gimp_data_dir}/brushes/Media/Bristles-02.gbr" checksum="6432476cb5cb5b5642433465e23f7402">
  </resource>

  <resource identifier="${gimp_data_dir}/brushes/Media/Bristles-03.gbr" checksum="6162ce91b1218ec8f0f98bfab930d5bf">
  </resource>

  <resource identifier="${gimp_data_dir}/brushes/Texture/Cell-01.gbr" checksum="4814485c0f5974fa193eb15f710c3d1c">
  </resource>

  <resource identifier="${gimp_data_dir}/brushes/Texture/Cell-02.gbr" checksum="e5ce74dd25bdd3fc05ab8d930c6f9e44">
  </resource>

  <resource identifier="${gimp_data_dir}/brushes/Sketch/Chalk-01.gih" checksum="832186dc1b71adbcb2f1a6ba08ce302f">
  </resource>

  <resource identifier="${gimp_data_dir}/brushes/Sketch/Chalk-02.gih" checksum="27729bcad9c20129add5833bfcba2da8">
  </resource>

  <resource identifier="${gimp_data_dir}/brushes/Sketch/Chalk-03.gih" checksum="6d195118ceb4102d508eb3faedcf6dcc">
  </resource>

  <resource identifier="${gimp_data_dir}/brushes/Sketch/Charcoal-01.gbr" checksum="1cd3f9664c688103f0b230299dcf6987">
  </resource>

  <resource identifier="${gimp_data_dir}/brushes/Sketch/Charcoal-02.gbr" checksum="e77611c1661ab0d3bf4503d3238a5644">
  </resource>

  <resource identifier="${gimp_data_dir}/brushes/Legacy/confetti.gbr" checksum="ba5a4759cb321b81e232bba3f33dce76">
  </resource>

  <resource identifier="${gimp_data_dir}/brushes/Legacy/galaxy.gbr" checksum="12ad36cb50383c2d95dbcf446072ee04">
  </resource>

  <resource identifier="${gimp_data_dir}/brushes/Legacy/galaxy-big.gbr" checksum="afabaf7991e7e812137bb45205acd461">
  </resource>

  <resource identifier="${gimp_data_dir}/brushes/Texture/Grass.gih" checksum="81d3c86640806e7ad40f5e0c93d941ef">
  </resource>

  <resource identifier="${gimp_data_dir}/brushes/Media/Oils-01.gbr" checksum="31ae0d62365e54402dcfe80784c6d691">
  </resource>

  <resource identifier="${gimp_data_dir}/brushes/Media/Oils-02.gbr" checksum="21f2ec5f7d414a2f3fffa97752675f55">
  </resource>

  <resource identifier="${gimp_data_dir}/brushes/Media/Oils-03.gbr" checksum="0128fe2fd4bdf5894c52c787f742b587">
  </resource>

  <resource identifier="${gimp_data_dir}/brushes/Sketch/Pencil-01.gih" checksum="775f1ee9e24fd5b71433472a5bf168ef">
  </resource>

  <resource identifier="${gimp_data_dir}/brushes/Sketch/Pencil-02.gih" checksum="1f5cae22c8f8d30e027ade099c69d34c">
  </resource>

  <resource identifier="${gimp_data_dir}/brushes/Sketch/Pencil-Scratch.gbr" checksum="4213a17b290fd39a5c6c72d75b1aa4ac">
  </resource>

  <resource identifier="${gimp_data_dir}/brushes/Basic/pixel.gbr" checksum="ce0705096e61dc0645b2c13a122d8e8f">
  </resource>

  <resource identifier="${gimp_data_dir}/brushes/Legacy/dunes.gbr" checksum="f0afae839c62535921b0ecabdb7bb998">
  </resource>

  <resource identifier="${gimp_data_dir}/brushes/Texture/Smoke.gbr" checksum="eb1577def9f3a209b3457a9c99333dd9">
  </resource>

  <resource identifier="${gimp_data_dir}/brushes/Splatters/Sparks-Hose.gih" checksum="50faf43769ea9c6986fa38839e348b77">
  </resource>

  <resource identifier="${gimp_data_dir}/brushes/Splatters/Splats-01.gih" checksum="5ce135cbb844ce745db15150c15acde9">
  </resource>

  <resource identifier="${gimp_data_dir}/brushes/Splatters/Splats-02.gih" checksum="e2352e2b26137b13161a859209e89b95">
  </resource>

  <resource identifier="${gimp_data_dir}/brushes/Splatters/Sponge-01.gbr" checksum="355cc39ffe2d0fb382a51eb0a806f2bb">
  </resource>

  <resource identifier="${gimp_data_dir}/brushes/Splatters/Sponge-02.gbr" checksum="4c0798a6621eef155dc86a79fe5df810">
  </resource>

  <resource identifier="${gimp_data_dir}/brushes/Texture/Structure.gbr" checksum="b1f120a7a427525104d7e16703898b67">
  </resource>

  <resource identifier="${gimp_data_dir}/brushes/Texture/Texture-01.gbr" checksum="6c41a55e3cfaf5dc03988f05be6106f8">
  </resource>

  <resource identifier="${gimp_data_dir}/brushes/Texture/Texture-02.gbr" checksum="a2459f434c81d8eefeb063c005db9d80">
  </resource>

  <resource identifier="${gimp_data_dir}/brushes/Texture/Texture-Hose-01.gih" checksum="c36845a56879e601fbfeada31f5b414b">
  </resource>

  <resource identifier="${gimp_data_dir}/brushes/Texture/Texture-Hose-02.gih" checksum="bfd5be7b42a28d038930f1aef897320d">
  </resource>

  <resource identifier="${gimp_data_dir}/brushes/Texture/Texture-Hose-03.gih" checksum="d2818e2a9346edf7c76aeea5a215f5ca">
  </resource>

  <resource identifier="${gimp_data_dir}/brushes/Texture/Vegetation-01.gbr" checksum="5f180b3d17ee11a9367489f2a597a451">
  </resource>

  <resource identifier="${gimp_data_dir}/brushes/Texture/Vegetation-02.gih" checksum="6ce358a6a63479e729469f64bc77e361">
  </resource>

  <resource identifier="${gimp_data_dir}/brushes/Legacy/vine.gih" checksum="3963e1de9cf5ead1f8cb6332b9351c6f">
  </resource>

  <resource identifier="${gimp_data_dir}/brushes/Legacy/pepper.gbr" checksum="70d13804987991dab34140f4cd662644">
  </resource>

  <resource identifier="${gimp_data_dir}/dynamics/Basic-Dynamics.gdyn" checksum="(null)">
  </resource>

  <resource identifier="${gimp_data_dir}/dynamics/Basic/Basic-Simple.gdyn" checksum="(null)">
  </resource>

  <resource identifier="${gimp_data_dir}/dynamics/Color-From-Gradient.gdyn" checksum="(null)">
  </resource>

  <resource identifier="${gimp_data_dir}/dynamics/FX/Confetti.gdyn" checksum="(null)">
  </resource>

  <resource identifier="${gimp_data_dir}/dynamics/Dynamics-Off.gdyn" checksum="(null)">
  </resource>

  <resource identifier="${gimp_data_dir}/dynamics/Basic/Dynamics-Random.gdyn" checksum="(null)">
  </resource>

  <resource identifier="${gimp_data_dir}/dynamics/Fade-Tapering.gdyn" checksum="(null)">
  </resource>

  <resource identifier="${gimp_data_dir}/dynamics/Basic/Negative-Size-Pressure.gdyn" checksum="(null)">
  </resource>

  <resource identifier="${gimp_data_dir}/dynamics/Basic/Pencil-Generic.gdyn" checksum="(null)">
  </resource>

  <resource identifier="${gimp_data_dir}/dynamics/Basic/Pencil-Shader.gdyn" checksum="(null)">
  </resource>

  <resource identifier="${gimp_data_dir}/dynamics/Basic/Pen-Generic.gdyn" checksum="(null)">
  </resource>

  <resource identifier="${gimp_data_dir}/dynamics/FX/Perspective.gdyn" checksum="(null)">
  </resource>

  <resource identifier="${gimp_data_dir}/dynamics/Basic/Pressure-Opacity.gdyn" checksum="(null)">
  </resource>

  <resource identifier="${gimp_data_dir}/dynamics/Random-Color.gdyn" checksum="(null)">
  </resource>

  <resource identifier="${gimp_data_dir}/dynamics/FX/Speed_Size_Opacity.gdyn" checksum="(null)">
  </resource>

  <resource identifier="${gimp_data_dir}/dynamics/Tilt-Angle.gdyn" checksum="(null)">
  </resource>

  <resource identifier="${gimp_data_dir}/dynamics/Track-Direction.gdyn" checksum="(null)">
  </resource>

  <resource identifier="${gimp_data_dir}/dynamics/Velocity-Tapering.gdyn" checksum="(null)">
  </resource>

  <resource identifier="gimp-pattern-clipboard" checksum="7582e1bc19424e7c9935ee9ad93341ea">
  </resource>

  <resource identifier="${gimp_dir}/patterns/45degreee_fabric.png" checksum="86a097fc8882d34e00993a28f09f9606">
  </resource>

  <resource identifier="${gimp_dir}/patterns/60degree_gray.png" checksum="6f7c249bcf94d64c184ffa1aa874cebf">
  </resource>

  <resource identifier="${gimp_dir}/patterns/absurdidad.png" checksum="031dc45207b4ebe17f382aadd89449c6">
  </resource>

  <resource identifier="${gimp_dir}/patterns/agsquare.png" checksum="7bf050a01968b04ce582aff0d24636bf">
  </resource>

  <resource identifier="${gimp_dir}/patterns/always_grey.png" checksum="054a2d7085ffc8ecb30c5b6437fcbad6">
  </resource>

  <resource identifier="${gimp_dir}/patterns/arab_tile.png" checksum="cdaaa1c2dcaa092726aab8c70dec933c">
  </resource>

  <resource identifier="${gimp_dir}/patterns/arches.png" checksum="f2a4bb2746002152ac42b8928ec0085d">
  </resource>

  <resource identifier="${gimp_dir}/patterns/argyle.png" checksum="d0110d7cbc6811ee5e2b15bf969ca99b">
  </resource>

  <resource identifier="${gimp_dir}/patterns/asfalt.png" checksum="99728c3c83481f7e766856e8c6f64a7e">
  </resource>

  <resource identifier="${gimp_dir}/patterns/assault.png" checksum="875a18b150bcb57326eae2566027bc5d">
  </resource>

  <resource identifier="${gimp_dir}/patterns/az_subtle.png" checksum="d5386a0ac0b38e1a70ea66037b0fb54b">
  </resource>

  <resource identifier="${gimp_dir}/patterns/back_pattern.png" checksum="bbd9f6ada52e20b44ca24d495ad72d00">
  </resource>

  <resource identifier="${gimp_dir}/patterns/batthern.png" checksum="c1789ef983ea4bad328b8c63eec83b6f">
  </resource>

  <resource identifier="${gimp_dir}/patterns/bedge_grunge.png" checksum="8b62410c16475150eaefbabf0de87a0c">
  </resource>

  <resource identifier="${gimp_dir}/patterns/beige_paper.png" checksum="4b5920feeb2743b0f4239d3ff5f85424">
  </resource>

  <resource identifier="${gimp_dir}/patterns/bgnoise_lg.png" checksum="2ee8554c9d19b76d38df35ee2b35fc5e">
  </resource>

  <resource identifier="${gimp_dir}/patterns/billie_holiday.png" checksum="568de36b5ea173053bf73c1bb9bbd473">
  </resource>

  <resource identifier="${gimp_dir}/patterns/binding_dark.png" checksum="7b2203ea1a8aad7bc592cbcdbbc5bd67">
  </resource>

  <resource identifier="${gimp_dir}/patterns/binding_light.png" checksum="bbc892881dee9a19c6968ecb18d6a2c0">
  </resource>

  <resource identifier="${gimp_dir}/patterns/black_denim.png" checksum="e34862bc15329023d2e12ef29d0110d0">
  </resource>

  <resource identifier="${gimp_dir}/patterns/black-Linen.png" checksum="9c172ebe0f46bb533e8662ee799b5e2e">
  </resource>

  <resource identifier="${gimp_dir}/patterns/black_linen_v2.png" checksum="a1e18a850be49d3f9a6a6c71fdb3bd54">
  </resource>

  <resource identifier="${gimp_dir}/patterns/black_lozenge.png" checksum="136ca2a0f9c7afed3c678d6763807576">
  </resource>

  <resource identifier="${gimp_dir}/patterns/black_mamba.png" checksum="0de5d76890a80a221390d188efe7f757">
  </resource>

  <resource identifier="${gimp_dir}/patterns/blackmamba.png" checksum="b94964e12d6b8dc812b357553d293f1a">
  </resource>

  <resource identifier="${gimp_dir}/patterns/blackorchid.png" checksum="14ae1ef783b722c917c38822a9ec51fe">
  </resource>

  <resource identifier="${gimp_dir}/patterns/black_paper.png" checksum="df09a87a58cddaafd53f64eff829fd9c">
  </resource>

  <resource identifier="${gimp_dir}/patterns/black_scales.png" checksum="ab825442af6814b2e4fb345d6c3c039d">
  </resource>

  <resource identifier="${gimp_dir}/patterns/black_thread.png" checksum="2324bd545f0cea3b04891cc644448e1e">
  </resource>

  <resource identifier="${gimp_dir}/patterns/black_twill.png" checksum="9efdbeb750fca716225bb5704545bb61">
  </resource>

  <resource identifier="${gimp_dir}/patterns/blizzard.png" checksum="c4527e5e8550cb6249bddc8e12ad44e2">
  </resource>

  <resource identifier="${gimp_dir}/patterns/blu_stripes.png" checksum="bada1daa5d3d65c2d986bad8909cc460">
  </resource>

  <resource identifier="${gimp_dir}/patterns/bo_play_pattern.png" checksum="f9efd87ffa14759b6b6e22c99a82f6a6">
  </resource>

  <resource identifier="${gimp_dir}/patterns/brickwall.png" checksum="e0c0b396179cf557480dc656fc73200c">
  </resource>

  <resource identifier="${gimp_dir}/patterns/bright_squares.png" checksum="88e821ac2bc76d40ba3258eb0f5d9375">
  </resource>

  <resource identifier="${gimp_dir}/patterns/brillant.png" checksum="bba47fdc4e9f4d1cd723654739bd8c80">
  </resource>

  <resource identifier="${gimp_dir}/patterns/broken_noise.png" checksum="980f7590f7916ff1c8b97a4cfe2b054f">
  </resource>

  <resource identifier="${gimp_dir}/patterns/brushed_alu_dark.png" checksum="81206bced03e8ac9651462cb0bb1ec0a">
  </resource>

  <resource identifier="${gimp_dir}/patterns/brushed_alu.png" checksum="bce249dd87e7e6c7c38e47c1f1693b2f">
  </resource>

  <resource identifier="${gimp_dir}/patterns/burried.png" checksum="a7c216d771874695d6696adb3f2677fb">
  </resource>

  <resource identifier="${gimp_dir}/patterns/candyhole.png" checksum="b672f7901b5591966b91a3d409295790">
  </resource>

  <resource identifier="${gimp_dir}/patterns/carbon_fibre_big.png" checksum="f9bc1ccaa853af46ac2ac9fbc5022a03">
  </resource>

  <resource identifier="${gimp_dir}/patterns/carbon_fibre.png" checksum="f1a350db147aeb252d2253b430518ea0">
  </resource>

  <resource identifier="${gimp_dir}/patterns/carbon_fibre_v2.png" checksum="24cb12b22477331f8590da7db1e4b5fa">
  </resource>

  <resource identifier="${gimp_dir}/patterns/cardboard_1.png" checksum="2cea6b0b37aabce65f5af366b8db2266">
  </resource>

  <resource identifier="${gimp_dir}/patterns/cardboard_flat.png" checksum="d29867e93027355b3e97f4c06536e060">
  </resource>

  <resource identifier="${gimp_dir}/patterns/cardboard.png" checksum="a7de478f5a880e758213abaf95c65708">
  </resource>

  <resource identifier="${gimp_dir}/patterns/cartographer.png" checksum="80e1f74e683505612b7f6b5c7e9fbf00">
  </resource>

  <resource identifier="${gimp_dir}/patterns/checkered_pattern.png" checksum="ab0cc8a447833f71ce2d5d1251518464">
  </resource>

  <resource identifier="${gimp_dir}/patterns/chruch.png" checksum="2f760ef4f2600c7c8b98df781f56a492">
  </resource>

  <resource identifier="${gimp_dir}/patterns/circles.png" checksum="1608eb4386dd0eb8fe3bde0f56cf055c">
  </resource>

  <resource identifier="${gimp_dir}/patterns/classy_fabric.png" checksum="ae0510e6382e4cc3c482773976a656ec">
  </resource>

  <resource identifier="${gimp_dir}/patterns/clean_textile.png" checksum="69ed2961fb756735e729d923396582b0">
  </resource>

  <resource identifier="${gimp_dir}/patterns/climpek.png" checksum="7af52ad10b83fb36c006f61ecfe25bab">
  </resource>

  <resource identifier="${gimp_dir}/patterns/cloth_alike.png" checksum="14a5c3062fa4acda811f03d04548d5a3">
  </resource>

  <resource identifier="${gimp_dir}/patterns/concrete_wall_2.png" checksum="6e51b66ef54524e88c1d812bebb533fd">
  </resource>

  <resource identifier="${gimp_dir}/patterns/concrete_wall_3.png" checksum="cd2e6f19a2c593163a0dd8819f0f5c38">
  </resource>

  <resource identifier="${gimp_dir}/patterns/concrete_wall.png" checksum="da179b56d86ba1dbb7f90327ecd5e9b8">
  </resource>

  <resource identifier="${gimp_dir}/patterns/connect.png" checksum="fc04e04216e53d6b3a7be5a4e43459ee">
  </resource>

  <resource identifier="${gimp_dir}/patterns/cork_1.png" checksum="00546c6077137ed7bd25b570624c7ddb">
  </resource>

  <resource identifier="${gimp_dir}/patterns/corrugation.png" checksum="76df0d5f97330a0409c6fe8b0a7f0acc">
  </resource>

  <resource identifier="${gimp_dir}/patterns/cracks_1.png" checksum="61d27e18804e7ab2448278293b499c9e">
  </resource>

  <resource identifier="${gimp_dir}/patterns/cream_dust.png" checksum="131f1692bb3b47f055504f2c35161c32">
  </resource>

  <resource identifier="${gimp_dir}/patterns/creampaper.png" checksum="bffe0e4e60f9f36cc8719c2cdf6d5a69">
  </resource>

  <resource identifier="${gimp_dir}/patterns/cream_pixels.png" checksum="b0050a4597076a7deee9f81c70262732">
  </resource>

  <resource identifier="${gimp_dir}/patterns/crisp_paper_ruffles.png" checksum="09143a939064ef70688a8ddc2731864c">
  </resource>

  <resource identifier="${gimp_dir}/patterns/crissXcross.png" checksum="6dbd0fae82baf290d46051ff6b4ace10">
  </resource>

  <resource identifier="${gimp_dir}/patterns/crossed_stripes.png" checksum="e2eed67c0487f03c3faa5a617d2cd7e0">
  </resource>

  <resource identifier="${gimp_dir}/patterns/crosses.png" checksum="b251b4839d6d122a84262c65f17eb1a5">
  </resource>

  <resource identifier="${gimp_dir}/patterns/cross_scratches.png" checksum="ce297cf6b95b0bd3ae5f095ed1af6940">
  </resource>

  <resource identifier="${gimp_dir}/patterns/cubes.png" checksum="6b50868f0d460c08491d9e19bee8a69c">
  </resource>

  <resource identifier="${gimp_dir}/patterns/cutcube.png" checksum="c4807f397117929420503e10d84e3a6c">
  </resource>

  <resource identifier="${gimp_dir}/patterns/daimond_eyes.png" checksum="f14741a33d908528590bc4dbef08c796">
  </resource>

  <resource identifier="${gimp_dir}/patterns/dark_brick_wall.png" checksum="40ab381a983a3bda75f51d29744cbf41">
  </resource>

  <resource identifier="${gimp_dir}/patterns/dark_circles.png" checksum="da85c22b13eb55a3f5159fc70eddbc8e">
  </resource>

  <resource identifier="${gimp_dir}/patterns/darkdenim3.png" checksum="3a5672a1d2c6ed28172b8b01eb52d685">
  </resource>

  <resource identifier="${gimp_dir}/patterns/dark_dotted2.png" checksum="71b4dc219a0515ea8ba9a02024285a40">
  </resource>

  <resource identifier="${gimp_dir}/patterns/dark_dotted.png" checksum="9743318fcb3367dbbae116c2e11372fa">
  </resource>

  <resource identifier="${gimp_dir}/patterns/dark_exa.png" checksum="ead7863003d0a3e34495b9f8225aeeef">
  </resource>

  <resource identifier="${gimp_dir}/patterns/dark_fish_skin.png" checksum="120e6be0f0f1444a757c951c334f4dfc">
  </resource>

  <resource identifier="${gimp_dir}/patterns/dark_geometric.png" checksum="0dae817cfda1fb1d6da34a34729c5dea">
  </resource>

  <resource identifier="${gimp_dir}/patterns/dark_leather.png" checksum="7acd35cb121187230d11d9e76b97af85">
  </resource>

  <resource identifier="${gimp_dir}/patterns/dark_matter.png" checksum="8d52b9ab393522cd0e91f7c2b7031f1a">
  </resource>

  <resource identifier="${gimp_dir}/patterns/dark_mosaic.png" checksum="f5be7c7d09cf64d5d734f86431b1b75a">
  </resource>

  <resource identifier="${gimp_dir}/patterns/dark_stripes.png" checksum="5f933c7886296c8ec88b53856ca29d37">
  </resource>

  <resource identifier="${gimp_dir}/patterns/dark_Tire.png" checksum="b97f3d4192eafa9f2d2d77b564151e52">
  </resource>

  <resource identifier="${gimp_dir}/patterns/dark_wall.png" checksum="b91b2ea75bd6e447df473aa608d66b74">
  </resource>

  <resource identifier="${gimp_dir}/patterns/dark_wood.png" checksum="b67cbaca1b170cdb6f0c405b8b2835d9">
  </resource>

  <resource identifier="${gimp_dir}/patterns/darth_stripe.png" checksum="0012dabe833f00d4fb9153f855e9d900">
  </resource>

  <resource identifier="${gimp_dir}/patterns/debut_dark.png" checksum="363fbb916c91fbc291f8cbf07e553ef4">
  </resource>

  <resource identifier="${gimp_dir}/patterns/debut_light.png" checksum="d036e5e29761bf0e6af63e16b92a9115">
  </resource>

  <resource identifier="${gimp_dir}/patterns/denim.png" checksum="df17ea321ea7988e506cc0659b341ce5">
  </resource>

  <resource identifier="${gimp_dir}/patterns/diagmonds.png" checksum="d21d8c20dfcc03b6f3c1cf0c4a03090f">
  </resource>

  <resource identifier="${gimp_dir}/patterns/diagonales_decalees.png" checksum="6d590b9de4da32bc6ed769b071c5e644">
  </resource>

  <resource identifier="${gimp_dir}/patterns/diagonal-noise.png" checksum="79cc0bc9e7ea02ec2f1a49088ece2fee">
  </resource>

  <resource identifier="${gimp_dir}/patterns/diagonal_striped_brick.png" checksum="63b0116f294a6e212a8b7316cbb7e920">
  </resource>

  <resource identifier="${gimp_dir}/patterns/diagonal_waves.png" checksum="5538505bf9be1615da3f36fcc45e8f3d">
  </resource>

  <resource identifier="${gimp_dir}/patterns/diamonds.png" checksum="0c7e3f05fbfe59920bee8aaef3f15cd1">
  </resource>

  <resource identifier="${gimp_dir}/patterns/diamond_upholstery.png" checksum="53bda739d1249aebb9d2cea5d3c9b591">
  </resource>

  <resource identifier="${gimp_dir}/patterns/dimension.png" checksum="b8fe3e7f9e5b0cde254cdf005c141379">
  </resource>

  <resource identifier="${gimp_dir}/patterns/dirty_old_shirt.png" checksum="0ef8281a8a8e9120308fa4aabd4ebc81">
  </resource>

  <resource identifier="${gimp_dir}/patterns/double_lined.png" checksum="f4cfd41d44483b9c1f9df92e5914d239">
  </resource>

  <resource identifier="${gimp_dir}/patterns/dust.png" checksum="28658eed780ac94f9af4ce1d2145caae">
  </resource>

  <resource identifier="${gimp_dir}/patterns/dvsup.png" checksum="0f04ac89933dc72f27a702d0b0963c82">
  </resource>

  <resource identifier="${gimp_dir}/patterns/ecailles.png" checksum="c92bcd389c1df9f73dcdeee230934fef">
  </resource>

  <resource identifier="${gimp_dir}/patterns/egg_shell.png" checksum="42d6ac4b7ff33ca6d1c7ea711f2c2afe">
  </resource>

  <resource identifier="${gimp_dir}/patterns/elastoplast.png" checksum="571bee921afe92c1119e878ddb562bf6">
  </resource>

  <resource identifier="${gimp_dir}/patterns/elegant_grid.png" checksum="e4327a3c9982090d578248219179c027">
  </resource>

  <resource identifier="${gimp_dir}/patterns/embossed_paper.png" checksum="bfdcb6a5da562d0b4e1d6514e723ae9c">
  </resource>

  <resource identifier="${gimp_dir}/patterns/escheresque.png" checksum="81d988fbd053c2482134199be9a0ee5c">
  </resource>

  <resource identifier="${gimp_dir}/patterns/escheresque_ste.png" checksum="700f536585dee6f04bf72c948f38fdd1">
  </resource>

  <resource identifier="${gimp_dir}/patterns/exclusive_paper.png" checksum="ea861ceea7f0bd2ec76ceae90f440c9d">
  </resource>

  <resource identifier="${gimp_dir}/patterns/extra_clean_paper.png" checksum="0598c2c2341289294eec2f85d7a70329">
  </resource>

  <resource identifier="${gimp_dir}/patterns/fabric_1.png" checksum="fc2ee786ea64c204e3be9c22f7a4e41d">
  </resource>

  <resource identifier="${gimp_dir}/patterns/fabric_of_squares_gray.png" checksum="95f2798eb5bb017def7fe9d9619991ef">
  </resource>

  <resource identifier="${gimp_dir}/patterns/fabric_plaid.png" checksum="cb88178addd026a137a87086030bc5e3">
  </resource>

  <resource identifier="${gimp_dir}/patterns/fake_brick.png" checksum="5efc9d2ced1b69f1bf82e94f0fd7318d">
  </resource>

  <resource identifier="${gimp_dir}/patterns/fake_luxury.png" checksum="8e69f2aa9661a81727c49895bf24949e">
  </resource>

  <resource identifier="${gimp_dir}/patterns/fancy_deboss.png" checksum="16d413ee8e96627f44c419288a2e3a29">
  </resource>

  <resource identifier="${gimp_dir}/patterns/farmer.png" checksum="cee4663824393319cf53aea2c945fb16">
  </resource>

  <resource identifier="${gimp_dir}/patterns/felt.png" checksum="67eb73bc14ca9e929a452a85ad1881a5">
  </resource>

  <resource identifier="${gimp_dir}/patterns/first_aid_kit.png" checksum="1860d1829d4847862338be266f3e26ab">
  </resource>

  <resource identifier="${gimp_dir}/patterns/flowers.png" checksum="8853af2e94f1b4cf6ceaa50e282eb638">
  </resource>

  <resource identifier="${gimp_dir}/patterns/flowertrail.png" checksum="1e0a07c7e80b1fccbd5014ac61b4bbc6">
  </resource>

  <resource identifier="${gimp_dir}/patterns/foggy_birds.png" checksum="a88d4308246c290dc914b6f23cdcd620">
  </resource>

  <resource identifier="${gimp_dir}/patterns/foil.png" checksum="41aead1e9b6dd8f5047af6ccc1b06ca0">
  </resource>

  <resource identifier="${gimp_dir}/patterns/frenchstucco.png" checksum="092df3909ae8dada46785261debade10">
  </resource>

  <resource identifier="${gimp_dir}/patterns/furley_bg.png" checksum="23fc9aacb926782b8a06f87be1695d3f">
  </resource>

  <resource identifier="${gimp_dir}/patterns/geometry.png" checksum="2e910535ab80928b72dcaf2edf73c7ff">
  </resource>

  <resource identifier="${gimp_dir}/patterns/gold_scale.png" checksum="5b4db436532190fc38e1d3841d4b4d0e">
  </resource>

  <resource identifier="${gimp_dir}/patterns/gplaypattern.png" checksum="5548e0a80a3c33717101cb36a2507b46">
  </resource>

  <resource identifier="${gimp_dir}/patterns/gradient_squares.png" checksum="fe7bcdc35882bd2b0a3e95665407bc30">
  </resource>

  <resource identifier="${gimp_dir}/patterns/graphy.png" checksum="7a481a5b725e9786e228a5992bddea88">
  </resource>

  <resource identifier="${gimp_dir}/patterns/gray_jean.png" checksum="121feee1d93e71dd36fa5ebe1a096e4d">
  </resource>

  <resource identifier="${gimp_dir}/patterns/gray_sand.png" checksum="02de2909b3541fe234d568a3cdeaec68">
  </resource>

  <resource identifier="${gimp_dir}/patterns/green_dust_scratch.png" checksum="2335654de458216176665e8713694c5a">
  </resource>

  <resource identifier="${gimp_dir}/patterns/green-fibers.png" checksum="42acf5770a4313d1e1de2fe56676c863">
  </resource>

  <resource identifier="${gimp_dir}/patterns/green_gobbler.png" checksum="560ab9459ed73c553ae3a838a064d0a0">
  </resource>

  <resource identifier="${gimp_dir}/patterns/greyfloral.png" checksum="93d9560e9905cb144e09173c99593964">
  </resource>

  <resource identifier="${gimp_dir}/patterns/grey.png" checksum="ba204b2a831b9ae7c156831e2023d1e8">
  </resource>

  <resource identifier="${gimp_dir}/patterns/grey_sandbag.png" checksum="df1f3160dd7cabfd7fcf427b64a0b5db">
  </resource>

  <resource identifier="${gimp_dir}/patterns/grey_wash_wall.png" checksum="d237db996eb1aa66923e554c9266af3a">
  </resource>

  <resource identifier="${gimp_dir}/patterns/greyzz.png" checksum="4957a2be2bda40b5f1c94ee5febfda82">
  </resource>

  <resource identifier="${gimp_dir}/patterns/gridme.png" checksum="48d62d8e6ee000445b3ea50e0c2c378c">
  </resource>

  <resource identifier="${gimp_dir}/patterns/grid_noise.png" checksum="55e309b44a4e5356e4b300543405ce61">
  </resource>

  <resource identifier="${gimp_dir}/patterns/grid.png" checksum="e7e1ae35f08a4b2bee44df172d4eff83">
  </resource>

  <resource identifier="${gimp_dir}/patterns/grilled.png" checksum="de0a39cc80663018e632940967109b10">
  </resource>

  <resource identifier="${gimp_dir}/patterns/groovepaper.png" checksum="9503b79bb318a1e4f7bb51889539b131">
  </resource>

  <resource identifier="${gimp_dir}/patterns/grunge_wall.png" checksum="e21a3fac06cd9af310a1434d9184f902">
  </resource>

  <resource identifier="${gimp_dir}/patterns/gun_metal.png" checksum="a30e83f5a8d71bcc4a078aa82a1ba8f1">
  </resource>

  <resource identifier="${gimp_dir}/patterns/handmadepaper.png" checksum="65bf4779f3d889f8dd17e5022f26dd1a">
  </resource>

  <resource identifier="${gimp_dir}/patterns/hexabump.png" checksum="03a4506127fdf8b6a4fe1b3aefb7cd7c">
  </resource>

  <resource identifier="${gimp_dir}/patterns/hexellence.png" checksum="0ac4a1d87aa32f2b1043997faece75b7">
  </resource>

  <resource identifier="${gimp_dir}/patterns/hixs_pattern_evolution.png" checksum="0a574267bda339e3342beb2050c73c20">
  </resource>

  <resource identifier="${gimp_dir}/patterns/hoffman.png" checksum="968df6f94517e762e5ffe2f16f7ab741">
  </resource>

  <resource identifier="${gimp_dir}/patterns/honey_im_subtle.png" checksum="ce6b6642b328d96cc760caeddbdbebd9">
  </resource>

  <resource identifier="${gimp_dir}/patterns/husk.png" checksum="e6b02c460422c07fa5f7fee8552c2eb7">
  </resource>

  <resource identifier="${gimp_dir}/patterns/ice_age.png" checksum="d8425ae9c90576d3f534d46a43806ffb">
  </resource>

  <resource identifier="${gimp_dir}/patterns/inflicted.png" checksum="db35ba59fccaa9e13f9967416689d726">
  </resource>

  <resource identifier="${gimp_dir}/patterns/irongrip.png" checksum="bb8f6d9c7f142126dd12506fda5dc665">
  </resource>

  <resource identifier="${gimp_dir}/patterns/kindajean.png" checksum="68b9571492681bcc572961ac93210b74">
  </resource>

  <resource identifier="${gimp_dir}/patterns/knitted-netting.png" checksum="1aa15fd2f9c87c815b4a6f7b34cc0e21">
  </resource>

  <resource identifier="${gimp_dir}/patterns/knitting250px.png" checksum="0b737608db837eac830dc2f78e28dee1">
  </resource>

  <resource identifier="${gimp_dir}/patterns/kuji.png" checksum="99e467d06a98ce52b90caf3ec01fe8ca">
  </resource>

  <resource identifier="${gimp_dir}/patterns/large_leather.png" checksum="8256ad17d34df42181eb3f156a029107">
  </resource>

  <resource identifier="${gimp_dir}/patterns/leather_1.png" checksum="6736abd69bfbac08721afc1ef9ea5858">
  </resource>

  <resource identifier="${gimp_dir}/patterns/lghtmesh.png" checksum="193e86af8895d9d98bcb1e584a682b35">
  </resource>

  <resource identifier="${gimp_dir}/patterns/light_alu.png" checksum="3a165eb4b073a5e7161aea3ec2d4afdc">
  </resource>

  <resource identifier="${gimp_dir}/patterns/light_checkered_tiles.png" checksum="16b1b416a6e2f720ef8420ccf46bad85">
  </resource>

  <resource identifier="${gimp_dir}/patterns/light_grey_floral_motif.png" checksum="84db83f09e26b3f51aee169fe0bbca36">
  </resource>

  <resource identifier="${gimp_dir}/patterns/light_honeycomb.png" checksum="dcf4d2d8cf14722ecb9a636d315a276d">
  </resource>

  <resource identifier="${gimp_dir}/patterns/light_noise_diagonal.png" checksum="c6c279d0480b3d9ba4fc9787a75354d0">
  </resource>

  <resource identifier="${gimp_dir}/patterns/lightpaperfibers.png" checksum="d1a8b907e64d719dc370719ed0904bf6">
  </resource>

  <resource identifier="${gimp_dir}/patterns/light_toast.png" checksum="a61411193512054a4562a6a14c770c39">
  </resource>

  <resource identifier="${gimp_dir}/patterns/light_wool.png" checksum="2ddd72c2dbbb4428ba351103c7437f93">
  </resource>

  <resource identifier="${gimp_dir}/patterns/lil_fiber.png" checksum="cad819fce70478923ddefe405af56847">
  </resource>

  <resource identifier="${gimp_dir}/patterns/lined_paper.png" checksum="eb8a65e6edf7d1e8c1421ef977930211">
  </resource>

  <resource identifier="${gimp_dir}/patterns/linedpaper.png" checksum="2d0a2bd1544b11aeb89fee8ffc4f94d6">
  </resource>

  <resource identifier="${gimp_dir}/patterns/linen.png" checksum="f61cc2993542d690ec41f05cb4bba4b3">
  </resource>

  <resource identifier="${gimp_dir}/patterns/littleknobs.png" checksum="4d4b7069846f570c7c4676e7b4bb94b4">
  </resource>

  <resource identifier="${gimp_dir}/patterns/little_pluses.png" checksum="a4f663c7ec08e232ad411e86d7865d23">
  </resource>

  <resource identifier="${gimp_dir}/patterns/little_triangles.png" checksum="cc215767dd2a06f4fb3c18f0d1cc1a73">
  </resource>

  <resource identifier="${gimp_dir}/patterns/low_contrast_linen.png" checksum="7b5f41b467edd286afc399c3f85cd644">
  </resource>

  <resource identifier="${gimp_dir}/patterns/lyonnette.png" checksum="67e69cbadd2e3fe6fd4c19d723783180">
  </resource>

  <resource identifier="${gimp_dir}/patterns/merely_cubed.png" checksum="52f7f03e134703813100c803c6ec2c8f">
  </resource>

  <resource identifier="${gimp_dir}/patterns/micro_carbon.png" checksum="2ba14ef130d35f304c107c6a13d37e5c">
  </resource>

  <resource identifier="${gimp_dir}/patterns/mirrored_squares.png" checksum="d5d8a82919c932f4f923e51a68cf4451">
  </resource>

  <resource identifier="${gimp_dir}/patterns/mochaGrunge.png" checksum="2ae56a62d3fd7609855aab27cf9a5ed2">
  </resource>

  <resource identifier="${gimp_dir}/patterns/mooning.png" checksum="b63c389e1aedae0d72bfba05069c3edc">
  </resource>

  <resource identifier="${gimp_dir}/patterns/moulin.png" checksum="82073cfc7d6e867ec492e7397531e3b6">
  </resource>

  <resource identifier="${gimp_dir}/patterns/nami.png" checksum="1749d2ca13bef877aa75193d199f688b">
  </resource>

  <resource identifier="${gimp_dir}/patterns/nasty_fabric.png" checksum="070f3034378438b4e7f478355e99ff21">
  </resource>

  <resource identifier="${gimp_dir}/patterns/natural_paper.png" checksum="1cb3139f3e20dcf3215d91b60ea6325c">
  </resource>

  <resource identifier="${gimp_dir}/patterns/navy_blue.png" checksum="c8549660b0060a65acd3b15c5cffc867">
  </resource>

  <resource identifier="${gimp_dir}/patterns/nistri.png" checksum="3e1e4b37adc5a1bfae160f61ef8f6fff">
  </resource>

  <resource identifier="${gimp_dir}/patterns/noise_lines.png" checksum="aaffc6c1b9b2284c1b8f6307ada60bf6">
  </resource>

  <resource identifier="${gimp_dir}/patterns/noise_pattern_with_crosslines.png" checksum="76b21110da3fec033cde77cb7092f706">
  </resource>

  <resource identifier="${gimp_dir}/patterns/noisy_grid.png" checksum="6a17947796536572322e9553b373f471">
  </resource>

  <resource identifier="${gimp_dir}/patterns/noisy_net.png" checksum="66695c7612767f2075050f7123c0b4b7">
  </resource>

  <resource identifier="${gimp_dir}/patterns/noisy.png" checksum="91eb8061c1887f584eb75dd40a8bd97b">
  </resource>

  <resource identifier="${gimp_dir}/patterns/norwegian_rose.png" checksum="98f19746019ab3f1fe01b0890b3795df">
  </resource>

  <resource identifier="${gimp_dir}/patterns/office.png" checksum="fabb311d09ca4be6a7764df1b01b553a">
  </resource>

  <resource identifier="${gimp_dir}/patterns/old_mathematics.png" checksum="c757710e347a919c08e5b2569c5a115c">
  </resource>

  <resource identifier="${gimp_dir}/patterns/old_wall.png" checksum="fdee1cbb315f2af9e246608c85f96a30">
  </resource>

  <resource identifier="${gimp_dir}/patterns/otis_redding.png" checksum="73ef6573ee081ef2e387900a3ff4597d">
  </resource>

  <resource identifier="${gimp_dir}/patterns/outlets.png" checksum="7aefbd58a0eb3a3bd934671f35f78533">
  </resource>

  <resource identifier="${gimp_dir}/patterns/p1.png" checksum="d1a01563143f9359a8d0db29e4d7fd4d">
  </resource>

  <resource identifier="${gimp_dir}/patterns/p2.png" checksum="f64f3e246fbdca9d3809575e6b15c634">
  </resource>

  <resource identifier="${gimp_dir}/patterns/p4.png" checksum="fe88cf68ceae3f5087967e12c4fe11d6">
  </resource>

  <resource identifier="${gimp_dir}/patterns/p5.png" checksum="2eeed748edf4ee50390e954f0e826e67">
  </resource>

  <resource identifier="${gimp_dir}/patterns/p6.png" checksum="c9ab98407e6d91f920ba1d7a39354532">
  </resource>

  <resource identifier="${gimp_dir}/patterns/padded.png" checksum="d185799fa12e9ab097b85e04dc30d436">
  </resource>

  <resource identifier="${gimp_dir}/patterns/paper_1.png" checksum="c9b5f03fec8552bcc373f97a2610ef05">
  </resource>

  <resource identifier="${gimp_dir}/patterns/paper_2.png" checksum="fb9fd3fc0472978ccb4c38b6cf4efdc9">
  </resource>

  <resource identifier="${gimp_dir}/patterns/paper_3.png" checksum="ae291cb0d3f3fbd43cc4e6692def7f23">
  </resource>

  <resource identifier="${gimp_dir}/patterns/paper_fibers.png" checksum="86b90d963d8946de02288519031a384a">
  </resource>

  <resource identifier="${gimp_dir}/patterns/paper.png" checksum="2faaaee97f591f4f1396cdbe954c9bd4">
  </resource>

  <resource identifier="${gimp_dir}/patterns/paven.png" checksum="d80c639c86765d783c550d52d82508f3">
  </resource>

  <resource identifier="${gimp_dir}/patterns/perforated_white_leather.png" checksum="54241dded03c3d98c8e3263eb7da96b1">
  </resource>

  <resource identifier="${gimp_dir}/patterns/pineapplecut.png" checksum="d61cd2786d1ee0336774d5752d92f7bf">
  </resource>

  <resource identifier="${gimp_dir}/patterns/pinstriped_suit.png" checksum="0451b427711862ffa7b17ae69e2d2e39">
  </resource>

  <resource identifier="${gimp_dir}/patterns/pinstripe.png" checksum="a99db6f30197fbae0f2a6d8477ffba8f">
  </resource>

  <resource identifier="${gimp_dir}/patterns/pixel_weave.png" checksum="eff3ea596d181d577a0ab16079aec172">
  </resource>

  <resource identifier="${gimp_dir}/patterns/plaid.png" checksum="2caeafa2c2816dc68e5e837309ba706e">
  </resource>

  <resource identifier="${gimp_dir}/patterns/polaroid.png" checksum="6e24c6b9addfb51d81420abc1e251c7c">
  </resource>

  <resource identifier="${gimp_dir}/patterns/polonez_car.png" checksum="41b8e9c21abaa08774fe944874a2d7b6">
  </resource>

  <resource identifier="${gimp_dir}/patterns/polyester_lite.png" checksum="197ba30e384d85e25866750fb8a633ea">
  </resource>

  <resource identifier="${gimp_dir}/patterns/pool_table.png" checksum="39cbc6e092ded60490033cb2c11a20fc">
  </resource>

  <resource identifier="${gimp_dir}/patterns/project_papper.png" checksum="1aa0ca4f405685c496e88bacd450bf48">
  </resource>

  <resource identifier="${gimp_dir}/patterns/ps_neutral.png" checksum="66a8071bbe71bd7150c0045e0298264c">
  </resource>

  <resource identifier="${gimp_dir}/patterns/psychedelic_pattern.png" checksum="3252d359358ac46cb34d607c28fb090b">
  </resource>

  <resource identifier="${gimp_dir}/patterns/purty_wood.png" checksum="317beec962ef006198f9fa978ab9aeef">
  </resource>

  <resource identifier="${gimp_dir}/patterns/pw_maze_black.png" checksum="20d102cff217bf9f6b7e98a7335c859e">
  </resource>

  <resource identifier="${gimp_dir}/patterns/pw_maze_white.png" checksum="e6d615694646d1522fd230a655a7999f">
  </resource>

  <resource identifier="${gimp_dir}/patterns/pw_pattern.png" checksum="464544ef243d50936ca6ce701fdd89ae">
  </resource>

  <resource identifier="${gimp_dir}/patterns/px_by_Gre3g.png" checksum="f49e8a85c63bf5a85f699ef0dbefc24e">
  </resource>

  <resource identifier="${gimp_dir}/patterns/pyramid.png" checksum="388b73f2a0364a49c100c18a29df8874">
  </resource>

  <resource identifier="${gimp_dir}/patterns/quilt.png" checksum="2fa1d5669482b3d3d5aa1ff0858022ba">
  </resource>

  <resource identifier="${gimp_dir}/patterns/random_grey_variations.png" checksum="6273abfe1af83e2db3da0d62ad424fbe">
  </resource>

  <resource identifier="${gimp_dir}/patterns/ravenna.png" checksum="0f138d57951bc812fd6312e3850f130e">
  </resource>

  <resource identifier="${gimp_dir}/patterns/real_cf.png" checksum="8d91420d42050e5065ff233c4e020b4b">
  </resource>

  <resource identifier="${gimp_dir}/patterns/rebel.png" checksum="4a8576745133afb7d677070bdfb5dea6">
  </resource>

  <resource identifier="${gimp_dir}/patterns/redox_01.png" checksum="60cced6beafc34eafffa797dc55d45ad">
  </resource>

  <resource identifier="${gimp_dir}/patterns/redox_02.png" checksum="4f96f64607a8312a57ab3d6c94239473">
  </resource>

  <resource identifier="${gimp_dir}/patterns/reticular_tissue.png" checksum="73671c7aa8da908bc53f0342aa005e56">
  </resource>

  <resource identifier="${gimp_dir}/patterns/retina_wood.png" checksum="5ca1f38b7a66ef0b06ac74945419ff03">
  </resource>

  <resource identifier="${gimp_dir}/patterns/retro_intro.png" checksum="61dbb676d2d3ee052160ef40a663dba3">
  </resource>

  <resource identifier="${gimp_dir}/patterns/ricepaper2.png" checksum="6592b61d9cf8839a7645c2e1dc587560">
  </resource>

  <resource identifier="${gimp_dir}/patterns/ricepaper.png" checksum="1f50712de9c71aff112b0019901ce5d1">
  </resource>

  <resource identifier="${gimp_dir}/patterns/rip_jobs.png" checksum="def2cf0a8001f062c05aa5902faa604d">
  </resource>

  <resource identifier="${gimp_dir}/patterns/robots.png" checksum="adf1ea4e2c623729d126356f7f810e02">
  </resource>

  <resource identifier="${gimp_dir}/patterns/rockywall.png" checksum="3b1b6ade9ba29b9ec85e63e8c5b613c6">
  </resource>

  <resource identifier="${gimp_dir}/patterns/roughcloth.png" checksum="a77edd790f257a7d5109496f9b893946">
  </resource>

  <resource identifier="${gimp_dir}/patterns/rough_diagonal.png" checksum="7d4b00481277be8b8e53d0d5ac06626b">
  </resource>

  <resource identifier="${gimp_dir}/patterns/rubber_grip.png" checksum="2e49300dcc263406bedfbf2dccc4696b">
  </resource>

  <resource identifier="${gimp_dir}/patterns/satinweave.png" checksum="d3b878cc2a8e762acb33381b3a7069ab">
  </resource>

  <resource identifier="${gimp_dir}/patterns/scribble_light.png" checksum="113c0bf85b0e5704d520ccfa5a3bbc82">
  </resource>

  <resource identifier="${gimp_dir}/patterns/shattered.png" checksum="af6b749cf3e502f9a895ee31eea8d738">
  </resource>

  <resource identifier="${gimp_dir}/patterns/shinecaro.png" checksum="40e419fbea3554ead73c85a34bf9161c">
  </resource>

  <resource identifier="${gimp_dir}/patterns/shinedotted.png" checksum="0d035a5c9a385b4c908f27c8cb438325">
  </resource>

  <resource identifier="${gimp_dir}/patterns/shl.png" checksum="8220a58c681167103d3508b50fdcc7b1">
  </resource>

  <resource identifier="${gimp_dir}/patterns/silver_scales.png" checksum="fbc88c2c08074cb38c8aa673636ff699">
  </resource>

  <resource identifier="${gimp_dir}/patterns/simple_dashed.png" checksum="b8b5e9f90f3f957fb2f299ef40968dd1">
  </resource>

  <resource identifier="${gimp_dir}/patterns/skelatal_weave.png" checksum="05548d540fb1f49775db705125c0662c">
  </resource>

  <resource identifier="${gimp_dir}/patterns/skewed_print.png" checksum="25ae9c6b249716bf1ea0c11953d0298a">
  </resource>

  <resource identifier="${gimp_dir}/patterns/skin_side_up.png" checksum="24b7adc569aa71a4d53b7de603eb28fa">
  </resource>

  <resource identifier="${gimp_dir}/patterns/slash_it.png" checksum="75353d1d12d2d2304c8300189ffc4cc7">
  </resource>

  <resource identifier="${gimp_dir}/patterns/small-crackle-bright.png" checksum="aefa4770fde7402d7306543fbdb2a89d">
  </resource>

  <resource identifier="${gimp_dir}/patterns/small_tiles.png" checksum="f07eefc32d8832db9879d7e525d0873e">
  </resource>

  <resource identifier="${gimp_dir}/patterns/smooth_wall.png" checksum="ab0e5bfc2549c3a35ae5782c51d2263b">
  </resource>

  <resource identifier="${gimp_dir}/patterns/sneaker_mesh_fabric.png" checksum="6e315416ed109e5d3ce9a6977eb19428">
  </resource>

  <resource identifier="${gimp_dir}/patterns/snow.png" checksum="5823a932ccbafc2371e31d58d8f2aa0e">
  </resource>

  <resource identifier="${gimp_dir}/patterns/soft_circle_scales.png" checksum="ac6e5e706f690f22e916c66d80d5d225">
  </resource>

  <resource identifier="${gimp_dir}/patterns/soft_kill.png" checksum="0166cf03819b6922e48d9aa93f3e0729">
  </resource>

  <resource identifier="${gimp_dir}/patterns/soft_pad.png" checksum="03c126d9b03e7d6ce7eb903d3e6e1325">
  </resource>

  <resource identifier="${gimp_dir}/patterns/soft_wallpaper.png" checksum="4edfde0e24d3f26a6ae187c59ac0ee77">
  </resource>

  <resource identifier="${gimp_dir}/patterns/solid.png" checksum="b26c1018581d8abad3f7d824dda3bcb1">
  </resource>

  <resource identifier="${gimp_dir}/patterns/squairy_light.png" checksum="0bd6ee50c6c7e2b1e5f71e759f6eb939">
  </resource>

  <resource identifier="${gimp_dir}/patterns/square_bg.png" checksum="aad6ca6a8728bbe17024165db890fcb6">
  </resource>

  <resource identifier="${gimp_dir}/patterns/squares.png" checksum="6d96f6e55fdc4a36d9798901387ff991">
  </resource>

  <resource identifier="${gimp_dir}/patterns/stacked_circles.png" checksum="931c35d323f6c4558be24dc3c1eef05b">
  </resource>

  <resource identifier="${gimp_dir}/patterns/starring.png" checksum="545bec5d2ce4547834055621e3641ab9">
  </resource>

  <resource identifier="${gimp_dir}/patterns/stitched_wool.png" checksum="0fa4f99f2537c638f1e7544ebda9e74f">
  </resource>

  <resource identifier="${gimp_dir}/patterns/strange_bullseyes.png" checksum="43b00b494a66d65454e31e7fd731224c">
  </resource>

  <resource identifier="${gimp_dir}/patterns/straws.png" checksum="70b8a2f96771b262cfc26e216fbf6b63">
  </resource>

  <resource identifier="${gimp_dir}/patterns/stressed_linen.png" checksum="2b615cd599e450ed92091cef96e986f9">
  </resource>

  <resource identifier="${gimp_dir}/patterns/striped_lens.png" checksum="71ecfa469d4206166a9fe8d92e20511d">
  </resource>

  <resource identifier="${gimp_dir}/patterns/struckaxiom.png" checksum="96e7522d4a28b9fd608c5c429235a136">
  </resource>

  <resource identifier="${gimp_dir}/patterns/stucco.png" checksum="779c225ef02bf04f2447723c41c8fa7a">
  </resource>

  <resource identifier="${gimp_dir}/patterns/subtle_carbon.png" checksum="18f9479c780229241f6e2c4cbf0d6c8b">
  </resource>

  <resource identifier="${gimp_dir}/patterns/subtle_dots.png" checksum="f27edc3bac18de316a95a3d6f5032728">
  </resource>

  <resource identifier="${gimp_dir}/patterns/subtle_freckles.png" checksum="ca484837f0fdcebbbf670b2be4ea17e7">
  </resource>

  <resource identifier="${gimp_dir}/patterns/subtle_grunge.png" checksum="0e707724b988e168bac7c345e65533af">
  </resource>

  <resource identifier="${gimp_dir}/patterns/subtlenet2.png" checksum="17ab817a2bbfd049fb69780d2e96271b">
  </resource>

  <resource identifier="${gimp_dir}/patterns/subtle_orange_emboss.png" checksum="71bf0f4933ee3122973e09bd9a9bda62">
  </resource>

  <resource identifier="${gimp_dir}/patterns/subtle_stripes.png" checksum="1ee15596ab2a2d69d12d839373c739f6">
  </resource>

  <resource identifier="${gimp_dir}/patterns/subtle_surface.png" checksum="974cfaa8a7d32451d77cb7cadffb5ffb">
  </resource>

  <resource identifier="${gimp_dir}/patterns/subtle_white_feathers.png" checksum="5a5e5a95657b3eb9974e63c8064d7701">
  </resource>

  <resource identifier="${gimp_dir}/patterns/subtle_zebra_3d.png" checksum="bc766b109949fca77c2b57c4ced32003">
  </resource>

  <resource identifier="${gimp_dir}/patterns/swirl.png" checksum="b92fbd4ec5e0c84c44018f609c3f197e">
  </resource>

  <resource identifier="${gimp_dir}/patterns/tactile_noise.png" checksum="ad91fab41779ac1a891c5447ade8ee90">
  </resource>

  <resource identifier="${gimp_dir}/patterns/tapestry_pattern.png" checksum="efffa9bb871b806cca0cc464021d37a8">
  </resource>

  <resource identifier="${gimp_dir}/patterns/tasky_pattern.png" checksum="57d4a7932b04f1dadb8956902138af2e">
  </resource>

  <resource identifier="${gimp_dir}/patterns/tex2res1.png" checksum="43f043516be40bba2d4041b30555bea1">
  </resource>

  <resource identifier="${gimp_dir}/patterns/tex2res2.png" checksum="66f0fcedc42aef5962c0de8b4947e901">
  </resource>

  <resource identifier="${gimp_dir}/patterns/tex2res3.png" checksum="1c4e33ae8c7df53874fe57cd0439f439">
  </resource>

  <resource identifier="${gimp_dir}/patterns/tex2res4.png" checksum="2aeb0225700ff88304e5a91ed9b5d52e">
  </resource>

  <resource identifier="${gimp_dir}/patterns/tex2res5.png" checksum="4a9ad035a2628e81183ea726b79c72a7">
  </resource>

  <resource identifier="${gimp_dir}/patterns/textured_paper.png" checksum="c731c0dff3a2e6d02f49c58f1ea19dea">
  </resource>

  <resource identifier="${gimp_dir}/patterns/textured_stripes.png" checksum="78b12a579156c08fcaf93ce45b22030c">
  </resource>

  <resource identifier="${gimp_dir}/patterns/texturetastic_gray.png" checksum="5016932dba27bf21e37358f0d32f9510">
  </resource>

  <resource identifier="${gimp_dir}/patterns/ticks.png" checksum="e9111f526e97df793817631d0e23c5c0">
  </resource>

  <resource identifier="${gimp_dir}/patterns/tileable_wood_texture.png" checksum="863e9c82b8792eddfc1c612c27ea9ee1">
  </resource>

  <resource identifier="${gimp_dir}/patterns/tiny_grid.png" checksum="7ed8d3d965b3ce194e356d885538c7ae">
  </resource>

  <resource identifier="${gimp_dir}/patterns/triangles_pattern.png" checksum="76689415f3170d07321bf8b11180f1de">
  </resource>

  <resource identifier="${gimp_dir}/patterns/triangles.png" checksum="b1703d50a815969bd5c8e01b19b1a011">
  </resource>

  <resource identifier="${gimp_dir}/patterns/triangular.png" checksum="6f4696ffb77ea186bd83857e65008a58">
  </resource>

  <resource identifier="${gimp_dir}/patterns/tweed.png" checksum="244c2a841162be3d41cef31d3e2a696c">
  </resource>

  <resource identifier="${gimp_dir}/patterns/twinkle_twinkle.png" checksum="b89405db8e145814317bb082deb48f2a">
  </resource>

  <resource identifier="${gimp_dir}/patterns/txture.png" checksum="dc0600ab2d8a29363621d3ddd0ea50b5">
  </resource>

  <resource identifier="${gimp_dir}/patterns/type.png" checksum="4d45ed2eb7caa8fdfd85555c87bb9a69">
  </resource>

  <resource identifier="${gimp_dir}/patterns/use_your_illusion.png" checksum="8838723934f381c5fb3c6897aa32c8eb">
  </resource>

  <resource identifier="${gimp_dir}/patterns/vaio_hard_edge.png" checksum="531f6c92c590498093683b86d1829d60">
  </resource>

  <resource identifier="${gimp_dir}/patterns/vertical_cloth.png" checksum="bef06a80d8076845e08c069b40f209cf">
  </resource>

  <resource identifier="${gimp_dir}/patterns/vichy.png" checksum="d61951696f63f9f44b6007d865f4d0e2">
  </resource>

  <resource identifier="${gimp_dir}/patterns/vintage_speckles.png" checksum="c20a47c69d147f50fdec5c1acc526cdc">
  </resource>

  <resource identifier="${gimp_dir}/patterns/wall4.png" checksum="8a91a9899d42a349702cbacd69d98ab6">
  </resource>

  <resource identifier="${gimp_dir}/patterns/washi.png" checksum="4298dea7f79ac39d67e20eab3e512cbc">
  </resource>

  <resource identifier="${gimp_dir}/patterns/wavecut.png" checksum="6aba60fa9b7adc3614c9ce11f9c26759">
  </resource>

  <resource identifier="${gimp_dir}/patterns/wavegrid.png" checksum="0d7d3252ca5ced289c7d1b82d289f1df">
  </resource>

  <resource identifier="${gimp_dir}/patterns/weave.png" checksum="f6a003a900dd9d8e4aa50114b24a27fd">
  </resource>

  <resource identifier="${gimp_dir}/patterns/white_bed_sheet.png" checksum="0b91eb28eef4f48b35a4d58fa1ec618a">
  </resource>

  <resource identifier="${gimp_dir}/patterns/white_brick_wall.png" checksum="1cfa6bfae819c6f24700e818f5cd7754">
  </resource>

  <resource identifier="${gimp_dir}/patterns/white_carbonfiber.png" checksum="cc6e8902bc76c318d0a7011673e5030c">
  </resource>

  <resource identifier="${gimp_dir}/patterns/white_carbon.png" checksum="72812ae6a78117f33f1e083d9e288727">
  </resource>

  <resource identifier="${gimp_dir}/patterns/whitediamond.png" checksum="702adae8da485c3adf063a5799bc9e45">
  </resource>

  <resource identifier="${gimp_dir}/patterns/white_leather.png" checksum="9a2d825b1f371c83ffb0e707aa6ff226">
  </resource>

  <resource identifier="${gimp_dir}/patterns/white_paperboard.png" checksum="89d9edf1e6615010ef9ff65ecb799120">
  </resource>

  <resource identifier="${gimp_dir}/patterns/white_plaster.png" checksum="6203d9bcd6b033420c61937ddb7f818e">
  </resource>

  <resource identifier="${gimp_dir}/patterns/white_sand.png" checksum="0e4970e95090d035b1fa485f04a4d2b7">
  </resource>

  <resource identifier="${gimp_dir}/patterns/white_texture.png" checksum="da7b7c8cab51eecba6591d5167e24cf3">
  </resource>

  <resource identifier="${gimp_dir}/patterns/white_tiles.png" checksum="81ee2dc64506ca641d57f5420a088ee0">
  </resource>

  <resource identifier="${gimp_dir}/patterns/white_wall2.png" checksum="6d61192d58bbfa448a6bec6bcd8205dc">
  </resource>

  <resource identifier="${gimp_dir}/patterns/white_wall_hash.png" checksum="2477461fab4ad92b915a7e3463e6689d">
  </resource>

  <resource identifier="${gimp_dir}/patterns/white_wall.png" checksum="a7150110b51b64b8e431af3a88b7d79c">
  </resource>

  <resource identifier="${gimp_dir}/patterns/white_wave.png" checksum="e47bf5ef978b00cb8616c59dd1decd40">
  </resource>

  <resource identifier="${gimp_dir}/patterns/whitey.png" checksum="4a80cfb3eb46cad8794c2e96ce7f35f4">
  </resource>

  <resource identifier="${gimp_dir}/patterns/wide_rectangles.png" checksum="115303052fbc335254cb447e6b302ce8">
  </resource>

  <resource identifier="${gimp_dir}/patterns/wild_oliva.png" checksum="d1c55348d68e7864bb993a71cdfd3e78">
  </resource>

  <resource identifier="${gimp_dir}/patterns/witewall_3.png" checksum="8a9acf7f45b1d590eda31e7ec483aa2d">
  </resource>

  <resource identifier="${gimp_dir}/patterns/wood_1.jpg" checksum="989f2078ea0542476cd55ed9eec12b65">
  </resource>

  <resource identifier="${gimp_dir}/patterns/wood_1.png" checksum="ba5db04bdeb0a17704a10c19289c2b9b">
  </resource>

  <resource identifier="${gimp_dir}/patterns/wood_pattern.png" checksum="a9d9572c55002de93c454a9cc05b132f">
  </resource>

  <resource identifier="${gimp_dir}/patterns/worn_dots.png" checksum="be100d47d4b79cb8cd81da15ad538cd7">
  </resource>

  <resource identifier="${gimp_dir}/patterns/woven.png" checksum="6dc7be441dd9ff9b89f012572d971530">
  </resource>

  <resource identifier="${gimp_dir}/patterns/xv.png" checksum="22bf9af46de255682082f132a28d54a6">
  </resource>

  <resource identifier="${gimp_dir}/patterns/zigzag.png" checksum="c6fc03356bebcbe7aae9ad2e4cf3ccc2">
  </resource>

  <resource identifier="${gimp_data_dir}/patterns/3dgreen.pat" checksum="00052731f14a5bc614daece969b368bc">
  </resource>

  <resource identifier="${gimp_data_dir}/patterns/amethyst.pat" checksum="ac004a0215ba837c01964226611635c0">
  </resource>

  <resource identifier="${gimp_data_dir}/patterns/blue.pat" checksum="9505c5e2df62d486dfd110eb08d9c022">
  </resource>

  <resource identifier="${gimp_data_dir}/patterns/bluegrid.pat" checksum="3ae3c2b4b499381174ccf8a49b8c205f">
  </resource>

  <resource identifier="${gimp_data_dir}/patterns/bluesquares.pat" checksum="6ae618f4f9833a1030fbf58c149c7241">
  </resource>

  <resource identifier="${gimp_data_dir}/patterns/blueweb.pat" checksum="b737ccf05a59c87cd120cc7a017224e7">
  </resource>

  <resource identifier="${gimp_data_dir}/patterns/brick.pat" checksum="1f241d71810da697b596525c50054ee7">
  </resource>

  <resource identifier="${gimp_data_dir}/patterns/burlap.pat" checksum="6046ce5617773e56cbc602842cd55124">
  </resource>

  <resource identifier="${gimp_data_dir}/patterns/burlwood.pat" checksum="3362a830595ec24c532d25fca6e82841">
  </resource>

  <resource identifier="${gimp_data_dir}/patterns/choc_swirl.pat" checksum="8f00b531d09279a0f7aa0c3208e26206">
  </resource>

  <resource identifier="${gimp_data_dir}/patterns/corkboard.pat" checksum="e0e344790d5425d5afe695b9b67b9a51">
  </resource>

  <resource identifier="${gimp_data_dir}/patterns/cracked.pat" checksum="31e59d7417cb4ef2dddd53cf2e136b2d">
  </resource>

  <resource identifier="${gimp_data_dir}/patterns/Craters.pat" checksum="6286edd005a095e1d20209bd8c63c130">
  </resource>

  <resource identifier="${gimp_data_dir}/patterns/crinklepaper.pat" checksum="b53d9e73d9c352e6cc4c94be921ba4d2">
  </resource>

  <resource identifier="${gimp_data_dir}/patterns/ground1.pat" checksum="00f690561e89d65d4b1257f0823b9977">
  </resource>

  <resource identifier="${gimp_data_dir}/patterns/electric.pat" checksum="c81aa3894d24289215497524598da855">
  </resource>

  <resource identifier="${gimp_data_dir}/patterns/fibers.pat" checksum="2830a6fc5f66e85493efedb4d4c6a84c">
  </resource>

  <resource identifier="${gimp_data_dir}/patterns/granite1.pat" checksum="c6220b4ee84951282053d96da7c0df91">
  </resource>

  <resource identifier="${gimp_data_dir}/patterns/ice.pat" checksum="3248a69c033c15e46356a9ecb996c652">
  </resource>

  <resource identifier="${gimp_data_dir}/patterns/java.pat" checksum="e66740db4790b501508b84b780a4158b">
  </resource>

  <resource identifier="${gimp_data_dir}/patterns/leather.pat" checksum="18fae1b0cb726162fda4c8a850ce6665">
  </resource>

  <resource identifier="${gimp_data_dir}/patterns/leopard.pat" checksum="e8518a613d2df2bfa1ce16c6f19380c0">
  </resource>

  <resource identifier="${gimp_data_dir}/patterns/lightning.pat" checksum="e53b923bdeccd742866cc836127b53cb">
  </resource>

  <resource identifier="${gimp_data_dir}/patterns/leaves.pat" checksum="991d0263a630f7d9379f3181cc5cf4dd">
  </resource>

  <resource identifier="${gimp_data_dir}/patterns/marble1.pat" checksum="7cca1d947b97e995440affa1a70e7afb">
  </resource>

  <resource identifier="${gimp_data_dir}/patterns/marble2.pat" checksum="b703250ff7bf9a13e0bf1cc7b951e8b4">
  </resource>

  <resource identifier="${gimp_data_dir}/patterns/marble3.pat" checksum="188e4483a8ad8d7adad18cb7475f2d4c">
  </resource>

  <resource identifier="${gimp_data_dir}/patterns/nops.pat" checksum="8e398be1aaa1b1ac6392ebb5a8dd5831">
  </resource>

  <resource identifier="${gimp_data_dir}/patterns/Moonfoot.pat" checksum="690271aaafee910dfc7b3fe2888c65cd">
  </resource>

  <resource identifier="${gimp_data_dir}/patterns/paper.pat" checksum="460447543ed49484ecf388d14d123eb8">
  </resource>

  <resource identifier="${gimp_data_dir}/patterns/parque1.pat" checksum="f7d5acd98b59f7830ea3b1afe92d29e6">
  </resource>

  <resource identifier="${gimp_data_dir}/patterns/parque2.pat" checksum="0b6e61665a81c96478faa1e4fe0af354">
  </resource>

  <resource identifier="${gimp_data_dir}/patterns/parque3.pat" checksum="a99fdcc9bc2814e7d51e05faeb07ec85">
  </resource>

  <resource identifier="${gimp_data_dir}/patterns/pastel.pat" checksum="9173341213573b8c87467733c34078ba">
  </resource>

  <resource identifier="${gimp_data_dir}/patterns/pine.pat" checksum="52fc540af9e485c532b96f3b2724ad74">
  </resource>

  <resource identifier="${gimp_data_dir}/patterns/wood2.pat" checksum="615a4ea243b717b73605569459aed362">
  </resource>

  <resource identifier="${gimp_data_dir}/patterns/pink_marble.pat" checksum="51a9ca43d2baf5243cb79d8a2f4db20f">
  </resource>

  <resource identifier="${gimp_data_dir}/patterns/pool.pat" checksum="b4f48469ab59632276d2b4d9af9dbde8">
  </resource>

  <resource identifier="${gimp_data_dir}/patterns/qube1.pat" checksum="3b96b82e490bea730e17dd752ffb7bc9">
  </resource>

  <resource identifier="${gimp_data_dir}/patterns/rain.pat" checksum="8babfb520276b39f918aa059ca1594be">
  </resource>

  <resource identifier="${gimp_data_dir}/patterns/recessed.pat" checksum="2743a836d39c547e0d83de27bffb45c1">
  </resource>

  <resource identifier="${gimp_data_dir}/patterns/redcube.pat" checksum="f64dee0efbc2fa301d7b4f3903a68308">
  </resource>

  <resource identifier="${gimp_data_dir}/patterns/rock.pat" checksum="93bc028e503811f0908f4de70681b733">
  </resource>

  <resource identifier="${gimp_data_dir}/patterns/sky.pat" checksum="78ffe7ed45f4cd89859a653debebc84c">
  </resource>

  <resource identifier="${gimp_data_dir}/patterns/slate.pat" checksum="fb10d3127362b61330e77ced0edddd7e">
  </resource>

  <resource identifier="${gimp_data_dir}/patterns/sm_squares.pat" checksum="4ba7d3135d74ec48bca8ee42c9645866">
  </resource>

  <resource identifier="${gimp_data_dir}/patterns/starfield.pat" checksum="b21a6bc688e62e02d16150fd5c2a3afe">
  </resource>

  <resource identifier="${gimp_data_dir}/patterns/stone33.pat" checksum="002ee5669bd46d09a642853bfd3a543f">
  </resource>

  <resource identifier="${gimp_data_dir}/patterns/Stripes2px.pat" checksum="7a5292735452fc15bf789fa3ea064ad2">
  </resource>

  <resource identifier="${gimp_data_dir}/patterns/Stripes1px.pat" checksum="7343d6b31434a2e736de3c5ab5197424">
  </resource>

  <resource identifier="${gimp_data_dir}/patterns/terra.pat" checksum="45c52055d10cc53a7a280777e6b76382">
  </resource>

  <resource identifier="${gimp_data_dir}/patterns/bark.pat" checksum="3d9dffc8833fe742b90c1a1f2f87e76c">
  </resource>

  <resource identifier="${gimp_data_dir}/patterns/walnut.pat" checksum="56b154ad68b400a4b62c62f314e278d4">
  </resource>

  <resource identifier="${gimp_data_dir}/patterns/warning.pat" checksum="bacf4a9e22fb7e97d705739ebf1aa205">
  </resource>

  <resource identifier="${gimp_data_dir}/patterns/wood5.pat" checksum="9a3b13cfc2d4a3b18bd7754506fe9ac6">
  </resource>

  <resource identifier="${gimp_data_dir}/patterns/wood3.pat" checksum="08109cffa79e14773e39e2390af5bc40">
  </resource>

  <resource identifier="${gimp_data_dir}/patterns/wood4.pat" checksum="2040255fdf70572e7d79395a7b191dd6">
  </resource>

  <resource identifier="${gimp_data_dir}/patterns/wood1.pat" checksum="0c055f250ddbccc1b32d05f8c0ad7012">
  </resource>

  <resource identifier="gimp-gradient-fg-transparent" checksum="1491f74caf057a39c8193470da2d2a29">
  </resource>

  <resource identifier="gimp-gradient-fg-bg-hsv-cw" checksum="86589f70c8a7777c6e2d1d14b99e3759">
  </resource>

  <resource identifier="gimp-gradient-fg-bg-hsv-ccw" checksum="65aacbbd72d99ff20ca1bd310f0a21a5">
  </resource>

  <resource identifier="gimp-gradient-fg-bg-rgb" checksum="4a878c6cfae0b0e03c0834723daadf92">
  </resource>

  <resource identifier="gimp-gradient-fg-bg-rgb-hardedge" checksum="12ad9439c57e897e50fb0399439e5b2b">
  </resource>

  <resource identifier="${gimp_dir}/gradients/Web2-Black-3D.ggr" checksum="b457ffb4ab778267f24724dbe9818bf1">
  </resource>

  <resource identifier="${gimp_dir}/gradients/Web2-Black-3D#2.ggr" checksum="fccf3788dd66f4364ac69d5af5545147">
  </resource>

  <resource identifier="${gimp_dir}/gradients/Web2-Black-Gloss.ggr" checksum="8a32e631c2144acfce74496627fa63d1">
  </resource>

  <resource identifier="${gimp_dir}/gradients/Black-Gloss#1.ggr" checksum="3c3c3e3a0174a99ad4059879c2934947">
  </resource>

  <resource identifier="${gimp_dir}/gradients/Web2-Black-Gloss-Pipe.ggr" checksum="dc52cecaedad4a1058a1b0679983676f">
  </resource>

  <resource identifier="${gimp_dir}/gradients/Web2-Blue-3D#5.ggr" checksum="0e01bfcf3111c33fe8c769d1975e7a8f">
  </resource>

  <resource identifier="${gimp_dir}/gradients/Web2-Blue-3D#2.ggr" checksum="bce53a55329e8f8cf3dd6a6fd4cd0382">
  </resource>

  <resource identifier="${gimp_dir}/gradients/Web2-Blue-3D#1.ggr" checksum="6704d0633c7b28c5a465927e2fa6033b">
  </resource>

  <resource identifier="${gimp_dir}/gradients/Web2-Blue-3D-#10.ggr" checksum="1a6ef10fa834dcecdad0860c137e49f5">
  </resource>

  <resource identifier="${gimp_dir}/gradients/Web2-Blue-3D-#11.ggr" checksum="b0d0b4ad838bc8e544e609ef5f8f8a7d">
  </resource>

  <resource identifier="${gimp_dir}/gradients/Web2-Blue-3D-#12.ggr" checksum="8c53f6fba443ab377563197ffae59220">
  </resource>

  <resource identifier="${gimp_dir}/gradients/Blue-3D-#13.ggr" checksum="5da8bcceba492aa94e77fa3b9e4f0084">
  </resource>

  <resource identifier="${gimp_dir}/gradients/Blue-3D-#14.ggr" checksum="ab6545ec0c03086eb2daa4881efd590e">
  </resource>

  <resource identifier="${gimp_dir}/gradients/Blue-3D-#15.ggr" checksum="011ce81dead2d6379fa864e2a454f679">
  </resource>

  <resource identifier="${gimp_dir}/gradients/Blue-3D-#-16.ggr" checksum="c15c8c296f71b4e39cda40020999af1c">
  </resource>

  <resource identifier="${gimp_dir}/gradients/Blue-3D-#17.ggr" checksum="9902759252178a1c83463ff49ea9e581">
  </resource>

  <resource identifier="${gimp_dir}/gradients/Blue-3D-#18.ggr" checksum="9fbdb8abd28e14af896022d7fd672658">
  </resource>

  <resource identifier="${gimp_dir}/gradients/Web2-Blue-3D#4.ggr" checksum="c3f6edd00ca757ee04e28545d5aed92e">
  </resource>

  <resource identifier="${gimp_dir}/gradients/Web2-Blue-3D#3.ggr" checksum="6c8d1146191a8254498b491f3df5cb6b">
  </resource>

  <resource identifier="${gimp_dir}/gradients/Web2-Blue-3D#4-1.ggr" checksum="9e0003d3aebc1eb10166218b2b26a4c0">
  </resource>

  <resource identifier="${gimp_dir}/gradients/Web2-Blue-3D#51.ggr" checksum="d7658ae7aea621bde148fac190e1b752">
  </resource>

  <resource identifier="${gimp_dir}/gradients/Web2-Blue-3D#6.ggr" checksum="0e7564bf2646b479a87c64ae7cfbc583">
  </resource>

  <resource identifier="${gimp_dir}/gradients/Web2-Blue-3d-#7.ggr" checksum="5dec10ddd03c079841f8adc51e8adf3a">
  </resource>

  <resource identifier="${gimp_dir}/gradients/Web2-Blue-3d#8.ggr" checksum="c3e607c20df73f8aed9cb6c1a07203fa">
  </resource>

  <resource identifier="${gimp_dir}/gradients/Web2-Blue-3D#9.ggr" checksum="00527178abd43e571b15938e12e50a87">
  </resource>

  <resource identifier="${gimp_dir}/gradients/Web2-Blue-Flat.ggr" checksum="bb954f63a7a1c0ef35496409cd26cad1">
  </resource>

  <resource identifier="${gimp_dir}/gradients/Blue-Flat#1.ggr" checksum="4564a1a06a70d21b8445075ce09dce8e">
  </resource>

  <resource identifier="${gimp_dir}/gradients/Blue-Flat#2.ggr" checksum="83c8e99f031f6ad0e624e200cd10dbdf">
  </resource>

  <resource identifier="${gimp_dir}/gradients/Blue-Gloss.ggr" checksum="362fbbb15c8de5debeb55e0a23fadd2a">
  </resource>

  <resource identifier="${gimp_dir}/gradients/Blue-Gloss#1.ggr" checksum="560bc4937fd47cfc89e4b4a952c93a8d">
  </resource>

  <resource identifier="${gimp_dir}/gradients/Blue-Gloss#2.ggr" checksum="c647e97aae3622ef6d75d75590734b69">
  </resource>

  <resource identifier="${gimp_dir}/gradients/Blue-Gloss#3.ggr" checksum="0c02270a925ef77f844a80921341b85e">
  </resource>

  <resource identifier="${gimp_dir}/gradients/Blue-Gloss#4.ggr" checksum="50c96e6ab6e6623b41c9dc6ddb08efa8">
  </resource>

  <resource identifier="${gimp_dir}/gradients/Blue-Gloss#5.ggr" checksum="3fcafc3c500d85e08af90e51e0f89e39">
  </resource>

  <resource identifier="${gimp_dir}/gradients/Blue-Grey-3D.ggr" checksum="4a6a6aab18d91556caae453101872db6">
  </resource>

  <resource identifier="${gimp_dir}/gradients/Blue-Grey-Flat.ggr" checksum="290dbef69c4dee1ff6a2eb6eca9a7719">
  </resource>

  <resource identifier="${gimp_dir}/gradients/Blue-Pipe.ggr" checksum="2873a0d48d48e49d3186ca7246249071">
  </resource>

  <resource identifier="${gimp_dir}/gradients/Blue-Pipe#1.ggr" checksum="b97bc559f531ef3e61927ec7be33df11">
  </resource>

  <resource identifier="${gimp_dir}/gradients/Blue-Pipe-#2.ggr" checksum="e1ce49939b547f480698770eb4cdf514">
  </resource>

  <resource identifier="${gimp_dir}/gradients/Brown-3D.ggr" checksum="e2b5085c1d47efde44d4ba416951b777">
  </resource>

  <resource identifier="${gimp_dir}/gradients/Brown-Gloss.ggr" checksum="9aa0699cad49773f49bad483d31c40e0">
  </resource>

  <resource identifier="${gimp_dir}/gradients/Brown-Red-3D.ggr" checksum="43004338cdb39b1d2e35c5a889c855cc">
  </resource>

  <resource identifier="${gimp_dir}/gradients/Gold-3D.ggr" checksum="def7256b4b4328239c3e52c8a4ba4607">
  </resource>

  <resource identifier="${gimp_dir}/gradients/Green-3D.ggr" checksum="2c97caf0157e74393b9cdbeda9fb234c">
  </resource>

  <resource identifier="${gimp_dir}/gradients/Green-3D#1.ggr" checksum="d5eb231dca77392d8242f6c1de82898c">
  </resource>

  <resource identifier="${gimp_dir}/gradients/Green-3D-#2.ggr" checksum="077a9d1c6e783c014f85a82852b8cd1e">
  </resource>

  <resource identifier="${gimp_dir}/gradients/Green-3D#2.ggr" checksum="28dc8eff268be482fb0e87f45c13b60b">
  </resource>

  <resource identifier="${gimp_dir}/gradients/Green-3D#3.ggr" checksum="347c68359a693b618c65b9fb26ab8ba5">
  </resource>

  <resource identifier="${gimp_dir}/gradients/Green-3D#4.ggr" checksum="0eb5783fe1bd530cacdcd293305b1b70">
  </resource>

  <resource identifier="${gimp_dir}/gradients/Green-Flat.ggr" checksum="8eda863c32ee397907138659d999ec6d">
  </resource>

  <resource identifier="${gimp_dir}/gradients/Green-Flat#1.ggr" checksum="666a4645197dd6b559f0a1306345ed8c">
  </resource>

  <resource identifier="${gimp_dir}/gradients/Green-Flat#2.ggr" checksum="0167b312c56b535300694fdca7241c86">
  </resource>

  <resource identifier="${gimp_dir}/gradients/Green-Flat#3.ggr" checksum="5584f35dc8afe1e684dcb817a53710b1">
  </resource>

  <resource identifier="${gimp_dir}/gradients/Green-Flat#4.ggr" checksum="5c2da68b1442fa17171560db898c8577">
  </resource>

  <resource identifier="${gimp_dir}/gradients/Green-Flat#5.ggr" checksum="dab7512081ec26aedbaccdb9810b712d">
  </resource>

  <resource identifier="${gimp_dir}/gradients/Green-Flat#6.ggr" checksum="f6ef560addc1ea476543785d76c48791">
  </resource>

  <resource identifier="${gimp_dir}/gradients/Green-Gloss.ggr" checksum="89fe9a24c1aae0800496a743b17e20f1">
  </resource>

  <resource identifier="${gimp_dir}/gradients/Green-Gloss#1.ggr" checksum="9f99f569c640591dce8b944980d72913">
  </resource>

  <resource identifier="${gimp_dir}/gradients/Green-Gloss#2.ggr" checksum="84b02c8d5001115a3252e35f83e2f1b4">
  </resource>

  <resource identifier="${gimp_dir}/gradients/Green-Semi-Flat.ggr" checksum="c5019f8a3b9be38dca04539cecca1147">
  </resource>

  <resource identifier="${gimp_dir}/gradients/Gren-3D.ggr" checksum="b95c23538f38ea42dafcac2c97ff34b8">
  </resource>

  <resource identifier="${gimp_dir}/gradients/Grey-3D.ggr" checksum="12847487ca5f705570a59a8e36476e43">
  </resource>

  <resource identifier="${gimp_dir}/gradients/Grey-3D#1.ggr" checksum="6cb43818653274ccdec8eca6ff737fcd">
  </resource>

  <resource identifier="${gimp_dir}/gradients/Grey-3D#2.ggr" checksum="eaa53911cde2d23c77e144c81afface3">
  </resource>

  <resource identifier="${gimp_dir}/gradients/Grey-3D#3.ggr" checksum="d04adeae68d89ea1d8510fe77672d952">
  </resource>

  <resource identifier="${gimp_dir}/gradients/Grey-3D#4.ggr" checksum="754bca7aefe97c463ebc526ceaddf9c4">
  </resource>

  <resource identifier="${gimp_dir}/gradients/Grey-Black-3D.ggr" checksum="fcadd7196f4e93fb5980897ef5b1a86b">
  </resource>

  <resource identifier="${gimp_dir}/gradients/Grey-Blue-3D.ggr" checksum="98542ecbbb3961e081d02ab80949374d">
  </resource>

  <resource identifier="${gimp_dir}/gradients/Grey-Blue-3D#1.ggr" checksum="6ae3fc09663846fab1c49454e7cf8fbb">
  </resource>

  <resource identifier="${gimp_dir}/gradients/Grey-Blue-Gloss#1.ggr" checksum="3df1128274c1493b8b4747661a9a36a1">
  </resource>

  <resource identifier="${gimp_dir}/gradients/Grey-Flat.ggr" checksum="99457ac05228fec82288d555899683f4">
  </resource>

  <resource identifier="${gimp_dir}/gradients/Grey-Gloss.ggr" checksum="03377c70a30fbb55b0a9d836ddbd781a">
  </resource>

  <resource identifier="${gimp_dir}/gradients/Grey-Gloss#1.ggr" checksum="daa322b4b38a61253b8380c820dd3c20">
  </resource>

  <resource identifier="${gimp_dir}/gradients/Grey-Gloss#2.ggr" checksum="1c1bc1a10ebbea5bd2b276467769d16a">
  </resource>

  <resource identifier="${gimp_dir}/gradients/Grey-Pipe.ggr" checksum="5266128fcf0589cb734b8b94ea889a86">
  </resource>

  <resource identifier="${gimp_dir}/gradients/Lavender-3D.ggr" checksum="92eaace44c2c227647ab36677843e230">
  </resource>

  <resource identifier="${gimp_dir}/gradients/L-Brown-3D.ggr" checksum="dd255e834094f2df216f3c66e869f7c3">
  </resource>

  <resource identifier="${gimp_dir}/gradients/L-Green-3D.ggr" checksum="72faef6a6ad39d3e2dc1d013ff5f50d1">
  </resource>

  <resource identifier="${gimp_dir}/gradients/Neon.ggr" checksum="b6001fc01682623810af735e72bc36c5">
  </resource>

  <resource identifier="${gimp_dir}/gradients/Olive-3D.ggr" checksum="5039146ae9628164170a1f5dc4e6ec08">
  </resource>

  <resource identifier="${gimp_dir}/gradients/Olive-3D#1.ggr" checksum="d71c5cdc0c37ffaa69af8b514db2fcaf">
  </resource>

  <resource identifier="${gimp_dir}/gradients/Olive-3D#2.ggr" checksum="f01bf2d1767a21b0b035ec8c949e3249">
  </resource>

  <resource identifier="${gimp_dir}/gradients/Olive-3D#3.ggr" checksum="9e481eb0c0e162b1f309abb7058469d5">
  </resource>

  <resource identifier="${gimp_dir}/gradients/Olive-Flat.ggr" checksum="54cc4dfa8ec8c0eec85929483b6a01d2">
  </resource>

  <resource identifier="${gimp_dir}/gradients/Orange-3D.ggr" checksum="921b2ed9e48d63448b73ba196e199bf4">
  </resource>

  <resource identifier="${gimp_dir}/gradients/Orange-3D#1.ggr" checksum="d9a0760d9054edde3cf7251cb77c880f">
  </resource>

  <resource identifier="${gimp_dir}/gradients/Orange-3D#2.ggr" checksum="523ae7ad970e8098974ced7a0effc47b">
  </resource>

  <resource identifier="${gimp_dir}/gradients/Orange-3D#3.ggr" checksum="f66a84110652c37714e1cd39631c59c6">
  </resource>

  <resource identifier="${gimp_dir}/gradients/Orange-3D#4.ggr" checksum="b20b5cf1554da979a26728dd0140ee88">
  </resource>

  <resource identifier="${gimp_dir}/gradients/Orange-3D#5.ggr" checksum="44e589d2135e348232ed7e111a03f6ca">
  </resource>

  <resource identifier="${gimp_dir}/gradients/Orange-Flat.ggr" checksum="44f93c6cbc7b6dd83efc253a48382695">
  </resource>

  <resource identifier="${gimp_dir}/gradients/Orange-Flat#1.ggr" checksum="a36814640d38c6699aa9a342ec62260a">
  </resource>

  <resource identifier="${gimp_dir}/gradients/Orange-Gloss.ggr" checksum="1e2569a20f8b9a25dd66e525c6eb4fb2">
  </resource>

  <resource identifier="${gimp_dir}/gradients/Pink-3D.ggr" checksum="33dec3d31cac7af624b03fe10c9ba3e9">
  </resource>

  <resource identifier="${gimp_dir}/gradients/Pink-3D#1.ggr" checksum="6f55ed01874d44cf14c62022d5baa947">
  </resource>

  <resource identifier="${gimp_dir}/gradients/Pink-3D#2.ggr" checksum="060c96f761fa2783c4605fbaf37077be">
  </resource>

  <resource identifier="${gimp_dir}/gradients/Pink-3D#3.ggr" checksum="80e25ad5006fd70747e6f414aebc8551">
  </resource>

  <resource identifier="${gimp_dir}/gradients/Pink-Flat.ggr" checksum="37c45e90419433b21828a30d1c1021d1">
  </resource>

  <resource identifier="${gimp_dir}/gradients/Pink-Gloss.ggr" checksum="769152c739790e9265585ff8ae56718a">
  </resource>

  <resource identifier="${gimp_dir}/gradients/Pink-Gloss#2.ggr" checksum="05462272dbfbd6e38cd787a12c0420d2">
  </resource>

  <resource identifier="${gimp_dir}/gradients/Purple-3D.ggr" checksum="9823877be3c90715d920518aac1884e6">
  </resource>

  <resource identifier="${gimp_dir}/gradients/Purple-3D#1.ggr" checksum="ac005cfc3255782641977b1af39e4209">
  </resource>

  <resource identifier="${gimp_dir}/gradients/Red-3D.ggr" checksum="167f3cc45837961f937a21121818552a">
  </resource>

  <resource identifier="${gimp_dir}/gradients/Red-3D#1.ggr" checksum="cefa884b0cd3e008df1a0c671ad79fb1">
  </resource>

  <resource identifier="${gimp_dir}/gradients/Red-3D#2.ggr" checksum="ab0a3e632a9442b05f43d756c6056fd4">
  </resource>

  <resource identifier="${gimp_dir}/gradients/Red-Flat.ggr" checksum="d51089eb8434ba69f8749a833204e926">
  </resource>

  <resource identifier="${gimp_dir}/gradients/Red-Flat#1.ggr" checksum="f963fb8c2915f845d199d45b4841e2b8">
  </resource>

  <resource identifier="${gimp_dir}/gradients/Red-Gloss.ggr" checksum="7c40f66e30a3d6481999a64a893455ef">
  </resource>

  <resource identifier="${gimp_dir}/gradients/Red-Gloss#1.ggr" checksum="b6f10387f76985d483525e029a97ca87">
  </resource>

  <resource identifier="${gimp_dir}/gradients/Red-Gloss#2.ggr" checksum="72d81efe8d3795d3ea2b82ce344af416">
  </resource>

  <resource identifier="${gimp_dir}/gradients/Red-Gloss#3.ggr" checksum="f2b1e6f640f93051b5520bce6b9e229f">
  </resource>

  <resource identifier="${gimp_dir}/gradients/Shape-1-Style.ggr" checksum="cc8b434a9b8df3d50e10592b46a5cf79">
  </resource>

  <resource identifier="${gimp_dir}/gradients/Shape-2-Style.ggr" checksum="019e83fbfe3cfe5ff0433b4b6cab3749">
  </resource>

  <resource identifier="${gimp_dir}/gradients/Wax-3D.ggr" checksum="c2818d233cb0f2d6e80c336b2764f920">
  </resource>

  <resource identifier="${gimp_dir}/gradients/Wax-3D#1.ggr" checksum="f5da5e3827f386fd68036024d19a7e12">
  </resource>

  <resource identifier="${gimp_dir}/gradients/Wax-3D#2.ggr" checksum="6c7c28aecc17a23782b0121aaa03c39c">
  </resource>

  <resource identifier="${gimp_dir}/gradients/Wax-3D#3.ggr" checksum="545d3d660994817d62f5d5a6c5bcf876">
  </resource>

  <resource identifier="${gimp_dir}/gradients/Wax-Flat.ggr" checksum="b47177cb687f82aa17b4793bad978ac4">
  </resource>

  <resource identifier="${gimp_dir}/gradients/Web2-Blue-3D #1.ggr" checksum="5794d96ec4bced4ca6447637a44e9f24">
  </resource>

  <resource identifier="${gimp_dir}/gradients/White-3D.ggr" checksum="ccb0e35aa3fb1cb0fc7f5d84523e9e7e">
  </resource>

  <resource identifier="${gimp_dir}/gradients/White-3D#1.ggr" checksum="aa1b90d977f94e55489661d440091c2b">
  </resource>

  <resource identifier="${gimp_dir}/gradients/White-3D#2.ggr" checksum="32c3b1a58bfadfd8ca9afe3b6bf1961b">
  </resource>

  <resource identifier="${gimp_dir}/gradients/White-Gloss.ggr" checksum="ee2d281e9456cd635a63817431853fc2">
  </resource>

  <resource identifier="${gimp_dir}/gradients/White-Gloss#2.ggr" checksum="93ad403f57b925d1bdc6032eb73d2bad">
  </resource>

  <resource identifier="${gimp_dir}/gradients/White-Gloss#3.ggr" checksum="59770fc6daede56b0816ba5a3b675dca">
  </resource>

  <resource identifier="${gimp_dir}/gradients/Yellow-3D.ggr" checksum="6fc88a2c1afd69298246a6797e389501">
  </resource>

  <resource identifier="${gimp_dir}/gradients/Yellow-3D#1.ggr" checksum="9b8a16331122b289698b1e4114b83c0a">
  </resource>

  <resource identifier="${gimp_dir}/gradients/Yellow-3D-#2.ggr" checksum="a3388cd30786ccf18dd5e13f43d3b1e7">
  </resource>

  <resource identifier="${gimp_dir}/gradients/Yellow-3D#2.ggr" checksum="416ce87e1e8b24126a1b14731b1e8b2a">
  </resource>

  <resource identifier="${gimp_dir}/gradients/Yellow-Flat.ggr" checksum="2bdb95ddd8f6facbb55fafde527b436c">
  </resource>

  <resource identifier="${gimp_dir}/gradients/Yellow-Flat#1.ggr" checksum="556850ceea1a8f406b3fe869f9ff50b6">
  </resource>

  <resource identifier="${gimp_dir}/gradients/чорнобілий.ggr" checksum="ddc8841f60246138068a49dc22875804">
  </resource>

  <resource identifier="${gimp_data_dir}/gradients/Abstract_1.ggr" checksum="edaa7d1fc882ab813b75b49ee9272913">
  </resource>

  <resource identifier="${gimp_data_dir}/gradients/Abstract_2.ggr" checksum="3e6332a87dc9021be25a01ea217d12f0">
  </resource>

  <resource identifier="${gimp_data_dir}/gradients/Abstract_3.ggr" checksum="edef536ca9974a1fee7bc280c4fa9158">
  </resource>

  <resource identifier="${gimp_data_dir}/gradients/Aneurism.ggr" checksum="10d0afd25892733e4c8a71e7714c0a3c">
  </resource>

  <resource identifier="${gimp_data_dir}/gradients/Blinds.ggr" checksum="672688a7f97c746e27b995645d893f81">
  </resource>

  <resource identifier="${gimp_data_dir}/gradients/Blue_Green.ggr" checksum="ad7afdd77e95fb0cbc7b68627715aa13">
  </resource>

  <resource identifier="${gimp_data_dir}/gradients/Browns.ggr" checksum="d24a91392f3b5c5e34dedc8d1fc6bfa0">
  </resource>

  <resource identifier="${gimp_data_dir}/gradients/Brushed_Aluminium.ggr" checksum="8995cf0de6e9f5082a4bc879dc77ebd0">
  </resource>

  <resource identifier="${gimp_data_dir}/gradients/Burning_Paper.ggr" checksum="5aaed0c7692abe7cbfb75744b7967828">
  </resource>

  <resource identifier="${gimp_data_dir}/gradients/Burning_Transparency.ggr" checksum="ab6a58127b01c77ea378b97585d2d3cb">
  </resource>

  <resource identifier="${gimp_data_dir}/gradients/Caribbean_Blues.ggr" checksum="899e32a0cf94010dff9e1f93579f4292">
  </resource>

  <resource identifier="${gimp_data_dir}/gradients/CD.ggr" checksum="aa4627507fb28c79bb1d864f2ae3eeaa">
  </resource>

  <resource identifier="${gimp_data_dir}/gradients/CD_Half.ggr" checksum="6f70875e41cc69d68b7a0e7d9d5652bf">
  </resource>

  <resource identifier="${gimp_data_dir}/gradients/Coffee.ggr" checksum="a3407a154e1b875fe1858b57279db00f">
  </resource>

  <resource identifier="${gimp_data_dir}/gradients/Cold_Steel.ggr" checksum="656bc3893f6e7bbbaa9be0ee3a4a7c9f">
  </resource>

  <resource identifier="${gimp_data_dir}/gradients/Cold_Steel_2.ggr" checksum="b3b5c2560412ea9316116320f112ad9a">
  </resource>

  <resource identifier="${gimp_data_dir}/gradients/Crown_molding.ggr" checksum="e7fe6c14bf776c1564601bfc024d066e">
  </resource>

  <resource identifier="${gimp_data_dir}/gradients/Dark_1.ggr" checksum="57d6882650122320fe4a212c59de06a2">
  </resource>

  <resource identifier="${gimp_data_dir}/gradients/Deep_Sea.ggr" checksum="35b112cb987f0429da4350512b5db0fa">
  </resource>

  <resource identifier="${gimp_data_dir}/gradients/Default.ggr" checksum="ddc8841f60246138068a49dc22875804">
  </resource>

  <resource identifier="${gimp_data_dir}/gradients/Flare_Glow_Angular_1.ggr" checksum="4775a8280fbceeb59cf3859e084c28a1">
  </resource>

  <resource identifier="${gimp_data_dir}/gradients/Flare_Glow_Radial_1.ggr" checksum="e8c3d4029f64c368baa3ac8cd7bf8146">
  </resource>

  <resource identifier="${gimp_data_dir}/gradients/Flare_Glow_Radial_2.ggr" checksum="a557cd5278add08e372475d3d99f3e39">
  </resource>

  <resource identifier="${gimp_data_dir}/gradients/Flare_Glow_Radial_3.ggr" checksum="d86591dec258e8fdbb28732de345495c">
  </resource>

  <resource identifier="${gimp_data_dir}/gradients/Flare_Glow_Radial_4.ggr" checksum="f2eefd542fe04bd56e7218842684aee7">
  </resource>

  <resource identifier="${gimp_data_dir}/gradients/Flare_Radial_101.ggr" checksum="c7d51a864108ab38c58737a3f5d8284a">
  </resource>

  <resource identifier="${gimp_data_dir}/gradients/Flare_Radial_102.ggr" checksum="7763a8e71fac97f6cb07a3cf6c64ecc2">
  </resource>

  <resource identifier="${gimp_data_dir}/gradients/Flare_Radial_103.ggr" checksum="8f23721fa4910404f217b40d51085b60">
  </resource>

  <resource identifier="${gimp_data_dir}/gradients/Flare_Rays_Radial_1.ggr" checksum="3bf791c725e2d7f85a0aff0a93ac66d0">
  </resource>

  <resource identifier="${gimp_data_dir}/gradients/Flare_Rays_Radial_2.ggr" checksum="860f6ab9ab1b89fa2d58796e74bdcd77">
  </resource>

  <resource identifier="${gimp_data_dir}/gradients/Flare_Rays_Size_1.ggr" checksum="24a92724aafd292d8d3725efb13141b6">
  </resource>

  <resource identifier="${gimp_data_dir}/gradients/Flare_Sizefac_101.ggr" checksum="25f8ce37bf87e02514c8b23860dc53c8">
  </resource>

  <resource identifier="${gimp_data_dir}/gradients/Four_bars.ggr" checksum="514b2159057ba680eee275d1048c4d31">
  </resource>

  <resource identifier="${gimp_data_dir}/gradients/Full_saturation_spectrum_CCW.ggr" checksum="9011005e2f8cd96b67c62502052451bf">
  </resource>

  <resource identifier="${gimp_data_dir}/gradients/Full_saturation_spectrum_CW.ggr" checksum="173d8c6a0d6569643cc542afb229100f">
  </resource>

  <resource identifier="${gimp_data_dir}/gradients/Golden.ggr" checksum="34dfd5f7d4f5ab094d948d4ceae29d20">
  </resource>

  <resource identifier="${gimp_data_dir}/gradients/Greens.ggr" checksum="5ebfe1d2748811b766d270fcb8e01250">
  </resource>

  <resource identifier="${gimp_data_dir}/gradients/Horizon_1.ggr" checksum="8a64cd7cc03774fa5db60196b63ed078">
  </resource>

  <resource identifier="${gimp_data_dir}/gradients/Horizon_2.ggr" checksum="fad2e75f788e11c33397bea983573904">
  </resource>

  <resource identifier="${gimp_data_dir}/gradients/Incandescent.ggr" checksum="79b1b20641e619ee702f36bf8f15f2df">
  </resource>

  <resource identifier="${gimp_data_dir}/gradients/Land_1.ggr" checksum="2b31219738304a84f3079973558559d7">
  </resource>

  <resource identifier="${gimp_data_dir}/gradients/Land_and_Sea.ggr" checksum="870b89e11b32ddabbe66baf3bb44c36a">
  </resource>

  <resource identifier="${gimp_data_dir}/gradients/Metallic_Something.ggr" checksum="f829f3ca70599ad84228dfb991049e6e">
  </resource>

  <resource identifier="${gimp_data_dir}/gradients/Nauseating_Headache.ggr" checksum="c37ede154a94fa2c3f5efc3770b82c0d">
  </resource>

  <resource identifier="${gimp_data_dir}/gradients/Neon_Cyan.ggr" checksum="2054a504a44d4c418d83a102eeee80ce">
  </resource>

  <resource identifier="${gimp_data_dir}/gradients/Neon_Green.ggr" checksum="877576a7cfb92930f47e1c7d5ac405c1">
  </resource>

  <resource identifier="${gimp_data_dir}/gradients/Neon_Yellow.ggr" checksum="94b17fbb263aeef75dee98a28675f81e">
  </resource>

  <resource identifier="${gimp_data_dir}/gradients/Pastel_Rainbow.ggr" checksum="b981aa364dcf5f78c3f46e4bc6b83866">
  </resource>

  <resource identifier="${gimp_data_dir}/gradients/Pastels.ggr" checksum="23adc56dc00bd4ebf7f70ed1ed9cd539">
  </resource>

  <resource identifier="${gimp_data_dir}/gradients/Purples.ggr" checksum="2bd5415782982a935493fa803f195df4">
  </resource>

  <resource identifier="${gimp_data_dir}/gradients/Radial_Eyeball_Blue.ggr" checksum="04a114e3016ccc4f50bed7ed449aba98">
  </resource>

  <resource identifier="${gimp_data_dir}/gradients/Radial_Eyeball_Brown.ggr" checksum="a2c47e5a3971db798c478931271769bf">
  </resource>

  <resource identifier="${gimp_data_dir}/gradients/Radial_Eyeball_Green.ggr" checksum="64e7005a98fc4cd5e7b3a09026a99976">
  </resource>

  <resource identifier="${gimp_data_dir}/gradients/Radial_Glow_1.ggr" checksum="46b460d2125043e52fe69ef2a5e38cf8">
  </resource>

  <resource identifier="${gimp_data_dir}/gradients/Radial_Rainbow_Hoop.ggr" checksum="db1c3eae2bf94a0c8558cd525dcb0074">
  </resource>

  <resource identifier="${gimp_data_dir}/gradients/Rounded_edge.ggr" checksum="ab62d43581cfbaa9a31286e4197f5acc">
  </resource>

  <resource identifier="${gimp_data_dir}/gradients/Shadows_1.ggr" checksum="8e67174c5e65cb36187087c10dae4f05">
  </resource>

  <resource identifier="${gimp_data_dir}/gradients/Shadows_2.ggr" checksum="b810d88b1460235d91b78c3bafdf4706">
  </resource>

  <resource identifier="${gimp_data_dir}/gradients/Shadows_3.ggr" checksum="cbed6bf71e079f00d2d38e7d103c118e">
  </resource>

  <resource identifier="${gimp_data_dir}/gradients/Skyline.ggr" checksum="c84395a0afbee5a141bb99f949de277e">
  </resource>

  <resource identifier="${gimp_data_dir}/gradients/Skyline_polluted.ggr" checksum="7d2722640649ec4574bfa5f943842d88">
  </resource>

  <resource identifier="${gimp_data_dir}/gradients/Square_Wood_Frame.ggr" checksum="57c49346591e4919910c05e662656936">
  </resource>

  <resource identifier="${gimp_data_dir}/gradients/Sunrise.ggr" checksum="346584511d4125dc8b6ca89db2915755">
  </resource>

  <resource identifier="${gimp_data_dir}/gradients/Three_bars_sin.ggr" checksum="43fad05fbc9a509c6ac81e7133a182c0">
  </resource>

  <resource identifier="${gimp_data_dir}/gradients/Tropical_Colors.ggr" checksum="1931abcf7e88967e8350ed3523b2e6ef">
  </resource>

  <resource identifier="${gimp_data_dir}/gradients/Tube_Red.ggr" checksum="0d9bcc63aed51e02f133df0446b8fa7d">
  </resource>

  <resource identifier="${gimp_data_dir}/gradients/Wood_1.ggr" checksum="5cacfc0d19e98c156eb4b726ac05efa0">
  </resource>

  <resource identifier="${gimp_data_dir}/gradients/Wood_2.ggr" checksum="4f0609c7376dd30634170a8e0dbd2499">
  </resource>

  <resource identifier="${gimp_data_dir}/gradients/Yellow_Contrast.ggr" checksum="81e37626d2b0c9556bb4bbafd80a905f">
  </resource>

  <resource identifier="${gimp_data_dir}/gradients/Yellow_Orange.ggr" checksum="428584726006e23e260baa2a7d79f295">
  </resource>

  <resource identifier="${gimp_data_dir}/palettes/Bears.gpl" checksum="bc31609f2f213bc08859db80c93c47bc">
  </resource>

  <resource identifier="${gimp_data_dir}/palettes/Bgold.gpl" checksum="6aabe62f9956e717d2b3aef7bb8d1ab8">
  </resource>

  <resource identifier="${gimp_data_dir}/palettes/Blues.gpl" checksum="d294b00cb63303cfd32c3235f0e84925">
  </resource>

  <resource identifier="${gimp_data_dir}/palettes/Borders.gpl" checksum="696d839d8a9524111a26b6c9e90559b2">
  </resource>

  <resource identifier="${gimp_data_dir}/palettes/Browns_And_Yellows.gpl" checksum="d642210b147ec6b2b3f7d4d00bce6448">
  </resource>

  <resource identifier="${gimp_data_dir}/palettes/Caramel.gpl" checksum="5ad248707620d158faed89a0e128bd73">
  </resource>

  <resource identifier="${gimp_data_dir}/palettes/Cascade.gpl" checksum="15ce7ce23d757eb579008b2159fa69a1">
  </resource>

  <resource identifier="${gimp_data_dir}/palettes/China.gpl" checksum="7df87a61aff582e551cb7409d02dc784">
  </resource>

  <resource identifier="${gimp_data_dir}/palettes/Coldfire.gpl" checksum="611c818c87988209506174dd7d18f090">
  </resource>

  <resource identifier="${gimp_data_dir}/palettes/Cool_Colors.gpl" checksum="25e546e0d5139c9ce31593edb689a4f1">
  </resource>

  <resource identifier="${gimp_data_dir}/palettes/Cranes.gpl" checksum="d337cb7e6761449f920be658a03d5875">
  </resource>

  <resource identifier="${gimp_data_dir}/palettes/Dark_pastels.gpl" checksum="6814df770c1cdbe79336ee9c577bcd85">
  </resource>

  <resource identifier="${gimp_data_dir}/palettes/Default.gpl" checksum="b8d8754cf636809b474b501e4c540788">
  </resource>

  <resource identifier="${gimp_data_dir}/palettes/Ega.gpl" checksum="ea17505f4d89b1950a3766562c6a83a4">
  </resource>

  <resource identifier="${gimp_data_dir}/palettes/Firecode.gpl" checksum="87d4b5354288bd5187d32a6150ca7873">
  </resource>

  <resource identifier="${gimp_data_dir}/palettes/Gold.gpl" checksum="6c1c063f48a4acc5bd424218d6549b2e">
  </resource>

  <resource identifier="${gimp_data_dir}/palettes/Grayblue.gpl" checksum="d0172f0147b6c0edfa97c17b3daa747b">
  </resource>

  <resource identifier="${gimp_data_dir}/palettes/Grays.gpl" checksum="fcf5e6f9da0fbc46bac07d34741fd648">
  </resource>

  <resource identifier="${gimp_data_dir}/palettes/GrayViolet.gpl" checksum="181c11591ca3bd272f6dbdb1eea2b618">
  </resource>

  <resource identifier="${gimp_data_dir}/palettes/Greens.gpl" checksum="04ca9bf3507c479d924dcd513f30bb01">
  </resource>

  <resource identifier="${gimp_data_dir}/palettes/Hilite.gpl" checksum="7f32f4277d92a077e0ca2181312e92c4">
  </resource>

  <resource identifier="${gimp_data_dir}/palettes/Khaki.gpl" checksum="89d3e4755564ea4e6fa688e3525875b9">
  </resource>

  <resource identifier="${gimp_data_dir}/palettes/Lights.gpl" checksum="3483aee51ec01db06b41463903da53f9">
  </resource>

  <resource identifier="${gimp_data_dir}/palettes/Muted.gpl" checksum="24bc023216795f2eb722546696d3082d">
  </resource>

  <resource identifier="${gimp_data_dir}/palettes/Named_Colors.gpl" checksum="9ab88f7333eb4d71a2adb8af16053d68">
  </resource>

  <resource identifier="${gimp_data_dir}/palettes/News3.gpl" checksum="92487e6d50c469df32fdf641a372c369">
  </resource>

  <resource identifier="${gimp_data_dir}/palettes/Op2.gpl" checksum="ad53041de32da38623e29ef3c15a3b66">
  </resource>

  <resource identifier="${gimp_data_dir}/palettes/Paintjet.gpl" checksum="88e146322b4feee53cae0300971b88c8">
  </resource>

  <resource identifier="${gimp_data_dir}/palettes/Pastels.gpl" checksum="7014dfa7fe36c0db1aafe1f94ff2dba0">
  </resource>

  <resource identifier="${gimp_data_dir}/palettes/Plasma.gpl" checksum="ed918058460fd771b99bce594886fc97">
  </resource>

  <resource identifier="${gimp_data_dir}/palettes/Reds.gpl" checksum="0ee295a43ed84083f3a7d36f8517e142">
  </resource>

  <resource identifier="${gimp_data_dir}/palettes/Reds_And_Purples.gpl" checksum="c0bc2a7991d9c65ea9d19f9c5c47e8b1">
  </resource>

  <resource identifier="${gimp_data_dir}/palettes/Royal.gpl" checksum="74271353e48f3b6de4c22320c2ae4084">
  </resource>

  <resource identifier="${gimp_data_dir}/palettes/Tango.gpl" checksum="0c31eccdd183d0ae24778f1b1e527018">
  </resource>

  <resource identifier="${gimp_data_dir}/palettes/Topographic.gpl" checksum="c5f3c93b1bc7c7f500c85c89a01e25c8">
  </resource>

  <resource identifier="${gimp_data_dir}/palettes/Visibone.gpl" checksum="83236d5917dddacdc89d228e503db053">
  </resource>

  <resource identifier="${gimp_data_dir}/palettes/Visibone_2.gpl" checksum="a6ecc8ab9898c86dc03eb58ab6dcb3b9">
  </resource>

  <resource identifier="${gimp_data_dir}/palettes/Volcano.gpl" checksum="d105eadc9d0230d3f172c56b72ddb1b0">
  </resource>

  <resource identifier="${gimp_data_dir}/palettes/Warm_Colors.gpl" checksum="1145557b22abebca11be4f462c6267ae">
  </resource>

  <resource identifier="${gimp_data_dir}/palettes/Web.gpl" checksum="3c7d52cd99be21870bcf1a841797fed1">
  </resource>

  <resource identifier="${gimp_data_dir}/tool-presets/Paint/Airbrush.gtp" checksum="(null)">
  </resource>

  <resource identifier="${gimp_data_dir}/tool-presets/Paint/Airbrush-Color-From-Gradient.gtp" checksum="(null)">
  </resource>

  <resource identifier="${gimp_data_dir}/tool-presets/Paint/Basic-Knife.gtp" checksum="(null)">
  </resource>

  <resource identifier="${gimp_data_dir}/tool-presets/Paint/Basic-Round.gtp" checksum="(null)">
  </resource>

  <resource identifier="${gimp_data_dir}/tool-presets/Paint/Basic-Round-Detail.gtp" checksum="(null)">
  </resource>

  <resource identifier="${gimp_data_dir}/tool-presets/Sketch/Blue-Pen.gtp" checksum="(null)">
  </resource>

  <resource identifier="${gimp_data_dir}/tool-presets/Paint/Bristles.gtp" checksum="(null)">
  </resource>

  <resource identifier="${gimp_data_dir}/tool-presets/Selection/Circle-200px.gtp" checksum="(null)">
  </resource>

  <resource identifier="${gimp_data_dir}/tool-presets/FX/Crop-16-9.gtp" checksum="(null)">
  </resource>

  <resource identifier="${gimp_data_dir}/tool-presets/FX/Crop-Composition.gtp" checksum="(null)">
  </resource>

  <resource identifier="${gimp_data_dir}/tool-presets/Paint/Eraser-Hard.gtp" checksum="(null)">
  </resource>

  <resource identifier="${gimp_data_dir}/tool-presets/Sketch/Eraser-Soft.gtp" checksum="(null)">
  </resource>

  <resource identifier="${gimp_data_dir}/tool-presets/Selection/Feathered-Selection.gtp" checksum="(null)">
  </resource>

  <resource identifier="${gimp_data_dir}/tool-presets/FX/Fill-Paper.gtp" checksum="(null)">
  </resource>

  <resource identifier="${gimp_data_dir}/tool-presets/FX/FX-Confetti.gtp" checksum="(null)">
  </resource>

  <resource identifier="${gimp_data_dir}/tool-presets/FX/FX-Radial-Softlight.gtp" checksum="(null)">
  </resource>

  <resource identifier="${gimp_data_dir}/tool-presets/FX/Glow-Lights.gtp" checksum="(null)">
  </resource>

  <resource identifier="${gimp_data_dir}/tool-presets/Sketch/Ink-Smooth.gtp" checksum="(null)">
  </resource>

  <resource identifier="${gimp_data_dir}/tool-presets/Sketch/Ink-Thin.gtp" checksum="(null)">
  </resource>

  <resource identifier="${gimp_data_dir}/tool-presets/Paint/Noise.gtp" checksum="(null)">
  </resource>

  <resource identifier="${gimp_data_dir}/tool-presets/Paint/Paintbrush-Color-From-Gradient.gtp" checksum="(null)">
  </resource>

  <resource identifier="${gimp_data_dir}/tool-presets/Sketch/Pencil.gtp" checksum="(null)">
  </resource>

  <resource identifier="${gimp_data_dir}/tool-presets/Paint/Pencil-Color-From-Gradient.gtp" checksum="(null)">
  </resource>

  <resource identifier="${gimp_data_dir}/tool-presets/Sketch/Pencil-Soft.gtp" checksum="(null)">
  </resource>

  <resource identifier="${gimp_data_dir}/tool-presets/FX/Smooth-Clone.gtp" checksum="(null)">
  </resource>

  <resource identifier="${gimp_data_dir}/tool-presets/Paint/Smudge-Rough.gtp" checksum="(null)">
  </resource>

  <resource identifier="${gimp_data_dir}/tool-presets/Paint/Smudge-Soft.gtp" checksum="(null)">
  </resource>

  <resource identifier="${gimp_data_dir}/tool-presets/Paint/Soft-Oil.gtp" checksum="(null)">
  </resource>

  <resource identifier="${gimp_data_dir}/tool-presets/Paint/Splatters.gtp" checksum="(null)">
  </resource>

  <resource identifier="${gimp_data_dir}/tool-presets/Paint/Structure.gtp" checksum="(null)">
  </resource>

  <resource identifier="${gimp_data_dir}/tool-presets/Paint/Vegetal.gtp" checksum="(null)">
  </resource>

  <resource identifier="${gimp_data_dir}/tool-presets/FX/Vignette.gtp" checksum="(null)">
  </resource>
</tags>
