{
    "title": "Выбор стиля меток",
    "styles": [{
        "title": "Метки без содержимого",
        "keys": [ "twirl#blueIcon", "twirl#orangeIcon", "twirl#darkblueIcon", "twirl#pinkIcon", "twirl#darkgreenIcon", "twirl#redIcon", "twirl#darkorangeIcon", "twirl#violetIcon", "twirl#greenIcon", "twirl#whiteIcon", "twirl#greyIcon", "twirl#yellowIcon", "twirl#lightblueIcon", "twirl#brownIcon", "twirl#nightIcon", "twirl#blackIcon" ]
    }, {
        "title": "Метки без содержимого с точкой в центре",
        "keys": [ "twirl#blueDotIcon", "twirl#orangeDotIcon", "twirl#darkblueDotIcon", "twirl#pinkDotIcon", "twirl#darkgreenDotIcon", "twirl#redDotIcon", "twirl#darkorangeDotIcon", "twirl#violetDotIcon", "twirl#greenDotIcon", "twirl#whiteDotIcon", "twirl#greyDotIcon", "twirl#yellowDotIcon", "twirl#lightblueDotIcon", "twirl#brownDotIcon", "twirl#nightDotIcon", "twirl#blackDotIcon" ]
    }, {
        "title": "Метки с текстом (иконки тянутся под контент)",
        "keys": [ "twirl#blueStretchyIcon", "twirl#orangeStretchyIcon", "twirl#darkblueStretchyIcon", "twirl#pinkStretchyIcon", "twirl#darkgreenStretchyIcon", "twirl#redStretchyIcon", "twirl#darkorangeStretchyIcon", "twirl#violetStretchyIcon", "twirl#greenStretchyIcon", "twirl#whiteStretchyIcon", "twirl#greyStretchyIcon", "twirl#yellowStretchyIcon", "twirl#lightblueStretchyIcon", "twirl#brownStretchyIcon", "twirl#nightStretchyIcon", "twirl#blackStretchyIcon" ]
    }, {
        "title": "Стандартные значки (пиктограммы)",
        "keys": [ "twirl#airplaneIcon", "twirl#fishingIcon", "twirl#skiingIcon", "twirl#anchorIcon", "twirl#gasStationIcon", "twirl#smartphoneIcon", "twirl#badmintonIcon", "twirl#gymIcon", "twirl#workshopIcon", "twirl#bankIcon", "twirl#hospitalIcon", "twirl#storehouseIcon", "twirl#barIcon", "twirl#houseIcon", "twirl#swimmingIcon", "twirl#barberShopIcon", "twirl#keyMasterIcon", "twirl#tailorShopIcon", "twirl#bicycleIcon", "twirl#mailPostIcon", "twirl#tennisIcon", "twirl#bowlingIcon", "twirl#metroKievIcon", "twirl#tireIcon", "twirl#buildingsIcon", "twirl#metroMoscowIcon", "twirl#truckIcon", "twirl#busIcon", "twirl#metroStPetersburgIcon", "twirl#trainIcon", "twirl#cafeIcon", "twirl#metroYekaterinburgIcon", "twirl#tramwayIcon", "twirl#campingIcon", "twirl#motobikeIcon", "twirl#trolleybusIcon", "twirl#carIcon", "twirl#mushroomIcon", "twirl#wifiIcon", "twirl#cellularIcon", "twirl#phoneIcon", "twirl#wifiLogoIcon", "twirl#cinemaIcon", "twirl#photographerIcon", "twirl#turnLeftIcon", "twirl#downhillSkiingIcon", "twirl#pingPongIcon", "twirl#turnRightIcon", "twirl#dpsIcon", "twirl#restaurauntIcon", "twirl#arrowDownLeftIcon", "twirl#dryCleanerIcon", "twirl#shipIcon", "twirl#arrowDownRightIcon", "twirl#electricTrainIcon", "twirl#shopIcon", "twirl#arrowLeftIcon", "twirl#factoryIcon", "twirl#skatingIcon", "twirl#arrowRightIcon", "twirl#theaterIcon", "twirl#stadiumIcon", "twirl#arrowUpIcon" ]
    }]
}
