{
    "type": "FeatureCollection",
    "features": [
        {
            "type": "Feature",
            "geometry": {
                "type": "Point",
                "coordinates": [
                    31.26335,
                    58.53901
                ]
            },
            "properties": {
                "balloonContent": "Центр выдачи в Великом Новгороде Адрес: г.Великий Новгород, ул. Большая Санкт-Петербургская, д.39 стр 14, оф.1, СДЭК. Тел. (8162) 22-44-40 Заказ будет доставлен в пункт выдачи через 2-4 рабочих дня. Время работы: с понедельника по пятницу с 9-00 до 18-00.",
                "hintContent": "Центр выдачи в Великом Новгороде"
            },
            "options": {
                "preset": "islands#violetDotIcon"
            }
        },
        {
            "type": "Feature",
            "geometry": {
                "type": "Point",
                "coordinates": [
                    33.0865,
                    68.97468
                ]
            },
            "properties": {
                "balloonContent": "Центр выдачи в Мурманске Адрес: г.Мурманск, ул. Володарского, д. 7, СДЭК. тел. (8152)701-781, 701-957 Заказ будет доставлен в пункт выдачи через 3-5 рабочих дня. Время работы: с понедельника по пятницу с 9-00 до 18-00.",
                "hintContent": "Центр выдачи в Мурманске"
            },
            "options": {
                "preset": "islands#violetDotIcon"
            }
        },
        {
            "type": "Feature",
            "geometry": {
                "type": "Point",
                "coordinates": [
                    129.73733,
                    62.03118
                ]
            },
            "properties": {
                "balloonContent": "Центр выдачи в Якутске Адрес: г.Якутск, Курашова ул, д.19, оф.4, СДЭК. тел. (4112)34-15-81; 444-666; 8-914-272-67-26 Заказ будет доставлен в пункт выдачи через 5-8 рабочих дней. Время работы: с понедельника по пятницу с 9-00 до 18-00, суббота с 10-00 до 15-00",
                "hintContent": "Центр выдачи в Якутске"
            },
            "options": {
                "preset": "islands#violetDotIcon"
            }
        },
        {
            "type": "Feature",
            "geometry": {
                "type": "Point",
                "coordinates": [
                    76.64543,
                    66.08338
                ]
            },
            "properties": {
                "balloonContent": "Центр выдачи в Новом Уренгое Адрес: г.Новый Уренгой, Оптимистов мкр, д.4/3, оф.85. тел. (3494) 24-50-59, 24-50-77 Заказ будет доставлен в пункт выдачи через 6-9 рабочих дней. Время работы: с понедельника по пятницу с 9-00 до 18-00, суббота с 10-00 до 14-00",
                "hintContent": "Центр выдачи в Новом Уренгое"
            },
            "options": {
                "preset": "islands#violetDotIcon"
            }
        },
        {
            "type": "Feature",
            "geometry": {
                "type": "Point",
                "coordinates": [
                    36.06523,
                    52.97337
                ]
            },
            "properties": {
                "balloonContent": "Центр выдачи в Орле Адрес: г. Орел, ул. Салтыкова-Щедрина, д. 34. тел. 8 (4862) 44-30-70. Время работы: ежедневно, кроме воскресенья и праздничных дней с 10-00 до 20-00. Заказ будет доставлен в пункт выдачи через 2-3 рабочих дня.",
                "hintContent": "Центр выдачи в Орле"
            },
            "options": {
                "preset": "islands#violetDotIcon"
            }
        },
        {
            "type": "Feature",
            "geometry": {
                "type": "Point",
                "coordinates": [
                    39.73065,
                    54.62093
                ]
            },
            "properties": {
                "balloonContent": "Центр выдачи в Рязани Адрес: г.Рязань, Татарская, д.13. Тел. 8 953-745-3366; (4942)50-20-47 Заказ будет доставлен в пункт выдачи через 3-5 рабочих дня. Время работы: с понедельника по пятницу с 9-00 до 18-00.",
                "hintContent": "Центр выдачи в Рязани"
            },
            "options": {
                "preset": "islands#violetDotIcon"
            }
        },
        {
            "type": "Feature",
            "geometry": {
                "type": "Point",
                "coordinates": [
                    40.95334,
                    57.75975
                ]
            },
            "properties": {
                "balloonContent": "\nЦентр выдачи в Костроме №1 Адрес: г.Кострома, Осыпная, д.4, оф.23. тел. (4942) 64-11-63. Время работы: с понедельника по пятницу с 9-00 до 18-00. Заказ будет доставлен в пункт выдачи через 3-5 рабочих дня.",
                "hintContent": "Центр выдачи в Костроме №1",
                "iconContent": "1"
            },
            "options": {
                "preset": "islands#violetIcon"
            }
        },
        {
            "type": "Feature",
            "geometry": {
                "type": "Point",
                "coordinates": [
                    40.97519,
                    57.74945
                ]
            },
            "properties": {
                "balloonContent": "Центр выдачи в Костроме №2 Адрес: г.Кострома, Чернореченский проезд ул., д.39, оф.1. тел. (4942) 622-052. Время работы: с понедельника по пятницу с 9-00 до 18-00. Заказ будет доставлен в пункт выдачи через 3-5 рабочих дня.",
                "hintContent": "Центр выдачи в Костроме №2",
                "iconContent": "2"
            },
            "options": {
                "preset": "islands#violetIcon"
            }
        },
        {
            "type": "Feature",
            "geometry": {
                "type": "Point",
                "coordinates": [
                    36.25719,
                    54.51114
                ]
            },
            "properties": {
                "balloonContent": "Центр выдачи в Калуге Адрес: г.Калуга, ул.Достоевского дом 40. тел. +7 (4842) 79-56-60, +7 (4842) 79-56-61. Время работы: ежедневно, кроме воскресенья и праздничных дней с 10-00 до 20-00. Заказ будет доставлен в пункт выдачи через 2-3 рабочих дня.",
                "hintContent": "Центр выдачи в Калуге"
            },
            "options": {
                "preset": "islands#violetDotIcon"
            }
        },
        {
            "type": "Feature",
            "geometry": {
                "type": "Point",
                "coordinates": [
                    40.3757,
                    56.11995
                ]
            },
            "properties": {
                "balloonContent": "Центр выдачи во Владимире Адрес: г.Владимир, пр. Ленина дом 15А,оф.119, тел. +7(4922) 377-003 Заказ будет доставлен в пункт выдачи через 3-5 рабочих дня. Время работы: с понедельника по пятницу с 9-00 до 18-00, суббота с 10-00 до 14-00.",
                "hintContent": "Центр выдачи во Владимире"
            },
            "options": {
                "preset": "islands#violetDotIcon"
            }
        },
        {
            "type": "Feature",
            "geometry": {
                "type": "Point",
                "coordinates": [
                    49.18355,
                    55.81699
                ]
            },
            "properties": {
                "balloonContent": "Центр выдачи в Казани Адрес: г.Казань, Сибирский тракт ул., д.34, корп. 4, оф.343, 344. Тел. 8 (843) 567-12-34, (843) 567-12-35. Время работы: с понедельника по пятницу с 9-00 до 18-00, суббота с 10-00 до 14-00. Заказ будет доставлен в пункт выдачи через 3-5 рабочих дня.",
                "hintContent": "Центр выдачи в Казани"
            },
            "options": {
                "preset": "islands#violetDotIcon"
            }
        },
        {
            "type": "Feature",
            "geometry": {
                "type": "Point",
                "coordinates": [
                    158.63419,
                    53.05816
                ]
            },
            "properties": {
                "balloonContent": "Центр выдачи в Петропавловск-Камчатском Адрес: г.Петропавловск-Камчатский, 50 лет октября пр-т., д.22, оф.1, тел. (4152) 30-78-78 Заказ будет доставлен в пункт выдачи через 4-7 рабочих дней. Время работы: с понедельника по пятницу с 9-00 до 18-00, суббота с 10-00 до 14-00.",
                "hintContent": "Центр выдачи в Петропавловск-Камчатском"
            },
            "options": {
                "preset": "islands#violetDotIcon"
            }
        },
        {
            "type": "Feature",
            "geometry": {
                "type": "Point",
                "coordinates": [
                    47.24909,
                    56.12581
                ]
            },
            "properties": {
                "balloonContent": "Центр выдачи в Чебоксарах Адрес: г.Чебоксары, Ильбекова ул., д.4, оф.202, тел. (8352)64-17-30,677-678,211-444 Заказ будет доставлен в пункт выдачи через 3-5 рабочих дней. Время работы: с понедельника по пятницу с 9-00 до 18-00, суббота с 11-00 до 15-00. ",
                "hintContent": "Центр выдачи в Чебоксарах"
            },
            "options": {
                "preset": "islands#violetDotIcon"
            }
        },
        {
            "type": "Feature",
            "geometry": {
                "type": "Point",
                "coordinates": [
                    52.40294,
                    55.7174
                ]
            },
            "properties": {
                "balloonContent": "Центр выдачи в Набережных Челнах Адрес: г.Набережные Челны, Ахметшина, д.108. тел. (8552) 91-90-60 Заказ будет доставлен в пункт выдачи через 4-6 рабочих дней. Время работы: с понедельника по пятницу с 9-00 до 19-00, суббота с 10-00 до 14-00",
                "hintContent": "Центр выдачи в Набережных Челнах"
            },
            "options": {
                "preset": "islands#violetDotIcon"
            }
        },
        {
            "type": "Feature",
            "geometry": {
                "type": "Point",
                "coordinates": [
                    65.36615,
                    55.43885
                ]
            },
            "properties": {
                "balloonContent": "Центр выдачи в Кургане Адрес: г.Курган, Сибирская, д.8 стр. 1, оф.21, СДЭК. Тел. (3522) 61-90-11, 963-007-13-78. Заказ будет доставлен в пункт выдачи через 4-6 рабочих дня. Время работы: с понедельника по пятницу с 9-00 до 18-00, суббота с 10-00 до 14-00.",
                "hintContent": "Центр выдачи в Кургане"
            },
            "options": {
                "preset": "islands#violetDotIcon"
            }
        },
        {
            "type": "Feature",
            "geometry": {
                "type": "Point",
                "coordinates": [
                    40.97875,
                    56.97896
                ]
            },
            "properties": {
                "balloonContent": "Центр выдачи в Иваново Адрес: г. Иваново, ул. Лежневская, дом 109, СДЭК. Тел.: +7 (4932) 202-900; 49-68-98 Заказ будет доставлен в пункт выдачи через 4-6 рабочих дня. Время работы: с понедельника по пятницу с 9-00 до 18-00.",
                "hintContent": "Центр выдачи в Иваново"
            },
            "options": {
                "preset": "islands#violetDotIcon"
            }
        },
        {
            "type": "Feature",
            "geometry": {
                "type": "Point",
                "coordinates": [
                    41.93733,
                    45.02827
                ]
            },
            "properties": {
                "balloonContent": "Центр выдачи в Ставрополе Адрес: г. Ставрополь, Доваторцев ул., д.30б. тел. (8652) 22-15-21, 8-962-402-59-50 Заказ будет доставлен в пункт выдачи через 4-5 рабочих дня. Время работы: с понедельника по пятницу с 9-00 до 18-00.",
                "hintContent": "Центр выдачи в Ставрополе"
            },
            "options": {
                "preset": "islands#violetDotIcon"
            }
        },
        {
            "type": "Feature",
            "geometry": {
                "type": "Point",
                "coordinates": [
                    73.43006,
                    61.25346
                ]
            },
            "properties": {
                "balloonContent": "Центр выдачи в Сургуте Адрес: г.Сургут, 30 лет победы ул., д.44б, оф.110 / 1. тел. (3462) 44-21-31 Заказ будет доставлен в пункт выдачи через 4-6 рабочих дней. Время работы: с понедельника по пятницу с 9-00 до 21-00, суббота с 10-00 до 19-00, воскресенье с 12-00 до 17-00.",
                "hintContent": "Центр выдачи в Сургуте"
            },
            "options": {
                "preset": "islands#violetDotIcon"
            }
        },
        {
            "type": "Feature",
            "geometry": {
                "type": "Point",
                "coordinates": [
                    32.05738,
                    54.77158
                ]
            },
            "properties": {
                "balloonContent": "Центр выдачи в Смоленске Адрес: г.Смоленск, Тенишевой, д.22, оф.25/2. тел. (4812) 40-40-22 Заказ будет доставлен в пункт выдачи через 4-6 рабочих дня. Время работы: с понедельника по пятницу с 9-00 до 18-00, суббота с 11-00 до 16-00.",
                "hintContent": "Центр выдачи в Смоленске"
            },
            "options": {
                "preset": "islands#violetDotIcon"
            }
        },
        {
            "type": "Feature",
            "geometry": {
                "type": "Point",
                "coordinates": [
                    53.22759,
                    56.87154
                ]
            },
            "properties": {
                "balloonContent": "Центр выдачи в Ижевске Адрес: г.Ижевск, 10 лет октября ул., д.32. Тел. (3412) 655-023, 655-024 Заказ будет доставлен в пункт выдачи через 4-6 рабочих дней. Время работы: с понедельника по пятницу с 9-00 до 18-00, суббота с 10-00 до 14-00.",
                "hintContent": "Центр выдачи в Ижевске"
            },
            "options": {
                "preset": "islands#violetDotIcon"
            }
        },
        {
            "type": "Feature",
            "geometry": {
                "type": "Point",
                "coordinates": [
                    30.32357,
                    59.92706
                ]
            },
            "properties": {
                "balloonContent": "Центр выдачи САМЗАБЕRU Адрес: Санкт-Петербург, ул.Гороховая, д. 49. Метро: Сенная, Садовая, Спасская. Телефон: +7 (812) 928-76-15. E-mail: info@samzabe.ru. Время работы: ежедневно без обеда и выходных с 10-00 до 21-00.",
                "hintContent": "Центр выдачи САМЗАБЕRU",
                "iconContent": "1"
            },
            "options": {
                "preset": "islands#pinkIcon"
            }
        },
        {
            "type": "Feature",
            "geometry": {
                "type": "Point",
                "coordinates": [
                    30.35255,
                    59.93226
                ]
            },
            "properties": {
                "balloonContent": "Центр выдачи ИнтерПочт@ Адрес: Санкт-Петербург, пр. Невский, 90, вход через CafeMax, 3 ЭТАЖ. Метро: Маяковская, Площадь Восстания. Телефон: 8 (812) 912-36-92. Время работы: ежедневно без обеда и выходных с 11-00 до 21-00.",
                "hintContent": "Центр выдачи ИнтерПочт@",
                "iconContent": "2"
            },
            "options": {
                "preset": "islands#pinkIcon"
            }
        },
        {
            "type": "Feature",
            "geometry": {
                "type": "Point",
                "coordinates": [
                    30.35779,
                    59.92923
                ]
            },
            "properties": {
                "balloonContent": "Центр выдачи \"Площадь Восстания\" Адрес: Санкт-Петербург, метро Площадь Восстания, ул.Пушкинская, д. 10. тел. 8-812-575-74-75. Время работы: ежедневно, кроме воскресенья и праздничных дней с 10-00 до 20-00.",
                "hintContent": "Центр выдачи \"Площадь Восстания\"",
                "iconContent": "3"
            },
            "options": {
                "preset": "islands#violetIcon"
            }
        },
        {
            "type": "Feature",
            "geometry": {
                "type": "Point",
                "coordinates": [
                    30.47998,
                    59.9055
                ]
            },
            "properties": {
                "balloonContent": "Центр выдачи \"Улица Дыбенко\" Адрес: Санкт-Петербург, метро Улица Дыбенко, ул. Дыбенко, д. 27, к. 1. тел. 8-911-976-49-13. Время работы: ежедневно, кроме воскресенья и праздничных дней с 10-00 до 20-00.",
                "hintContent": "Центр выдачи \"Улица Дыбенко\"",
                "iconContent": "4"
            },
            "options": {
                "preset": "islands#violetIcon"
            }
        },
        {
            "type": "Feature",
            "geometry": {
                "type": "Point",
                "coordinates": [
                    30.25525,
                    60.00783
                ]
            },
            "properties": {
                "balloonContent": "Центр выдачи \"Комендантский проспект\" Адрес: Санкт-Петербург, метро Комендантский проспект, ул. Ильюшина, д.1, корп.1, литер А. тел. +7-911-119-12-07. Время работы: ежедневно, кроме воскресенья и праздничных дней с 10-00 до 20-00.",
                "hintContent": "Центр выдачи \"Комендантский проспект\"",
                "iconContent": "5"
            },
            "options": {
                "preset": "islands#violetIcon"
            }
        },
        {
            "type": "Feature",
            "geometry": {
                "type": "Point",
                "coordinates": [
                    30.31938,
                    59.86628
                ]
            },
            "properties": {
                "balloonContent": "Центр выдачи \"Парк Победы\" Адрес: Санкт-Петербург, метро Парк Победы, Московский пр., дом 165. тел. 8-812-387-61-58. Время работы: ежедневно, кроме воскресенья и праздничных дней с 10-00 до 20-00.",
                "hintContent": "Центр выдачи \"Парк Победы\"",
                "iconContent": "6"
            },
            "options": {
                "preset": "islands#violetIcon"
            }
        },
        {
            "type": "Feature",
            "geometry": {
                "type": "Point",
                "coordinates": [
                    30.33763,
                    60.0546
                ]
            },
            "properties": {
                "balloonContent": "Центр выдачи \"Проспект Просвещения\" Адрес: Санкт-Петербург, метро Проспект Просвещения, пр-т Энгельса, д. 143, корп. 1. тел.8-911-786-75-35. Время работы: ежедневно, кроме воскресенья и праздничных дней с 10-00 до 20-00.",
                "hintContent": "Центр выдачи \"Проспект Просвещения\"",
                "iconContent": "7"
            },
            "options": {
                "preset": "islands#violetIcon"
            }
        },
        {
            "type": "Feature",
            "geometry": {
                "type": "Point",
                "coordinates": [
                    30.40098,
                    60.01487
                ]
            },
            "properties": {
                "balloonContent": "Центр выдачи \"Академическая\" Адрес: Санкт-Петербург, метро Академическая, пр-т Гражданский, д. 51, корп. 1. тел. 8-911-786-75-47. Время работы: ежедневно, кроме воскресенья и праздничных дней с 10-00 до 20-00.",
                "hintContent": "Центр выдачи \"Академическая\"",
                "iconContent": "8"
            },
            "options": {
                "preset": "islands#violetIcon"
            }
        },
        {
            "type": "Feature",
            "geometry": {
                "type": "Point",
                "coordinates": [
                    30.26316,
                    59.8685
                ]
            },
            "properties": {
                "balloonContent": "Центр выдачи \"Автово\" Адрес: Санкт-Петербург, метро Автово, пр-т Стачек, д, 92, корп. 3. тел. 8-911-144-66-43. Время работы: ежедневно, кроме воскресенья и праздничных дней с 10-00 до 20-00.",
                "hintContent": "Центр выдачи \"Автово\"",
                "iconContent": "9"
            },
            "options": {
                "preset": "islands#violetIcon"
            }
        },
        {
            "type": "Feature",
            "geometry": {
                "type": "Point",
                "coordinates": [
                    30.376,
                    59.86879
                ]
            },
            "properties": {
                "balloonContent": "Центр выдачи \"Международная\" Адрес: Санкт-Петербург, метро Международная, ул. Белы Куна, д. 1, корп. 1. тел. 8-911-118-35-37. Время работы: ежедневно, кроме воскресенья и праздничных дней с 10-00 до 20-00.",
                "hintContent": "Центр выдачи \"Международная\"",
                "iconContent": "10"
            },
            "options": {
                "preset": "islands#violetIcon"
            }
        },
        {
            "type": "Feature",
            "geometry": {
                "type": "Point",
                "coordinates": [
                    30.43488,
                    59.93491
                ]
            },
            "properties": {
                "balloonContent": "В этом пункте можно купить только Камни для виски! Главпункт на Ладожской Адрес: Санкт-Петербург, м. Ладожская, Энергетиков пр., д.4, к.3, лит. А. Время работы: с 10:00 до 21:00, без обеда, без выходных. Тел. 8 (812) 240-02-63.",
                "hintContent": "В этом пункте можно купить только Камни для виски! Главпункт на Ладожской"
            },
            "options": {
                "preset": "islands#blueDotIcon"
            }
        },
        {
            "type": "Feature",
            "geometry": {
                "type": "Point",
                "coordinates": [
                    30.29976,
                    60.00101
                ]
            },
            "properties": {
                "balloonContent": "В этом пункте можно купить только Камни для виски! Главпункт на Пионерской Адрес: Санкт-Петербург, м. Пионерская, Коломяжский пр., д.15, к.2. Время работы: с 10:00 до 21:00, без обеда, без выходных. Тел. 8 (812) 240-34-31.",
                "hintContent": "В этом пункте можно купить только Камни для виски! Главпункт на Пионерской"
            },
            "options": {
                "preset": "islands#blueDotIcon"
            }
        },
        {
            "type": "Feature",
            "geometry": {
                "type": "Point",
                "coordinates": [
                    30.32716,
                    59.84957
                ]
            },
            "properties": {
                "balloonContent": "В этом пункте можно купить только Камни для виски! Главпункт на Московской Адрес: Санкт-Петербург, м. Московская, ул. Алтайская, 16. Время работы: с 10:00 до 21:00, без обеда, без выходных. Тел. 8 (812) 324-33-44.",
                "hintContent": "В этом пункте можно купить только Камни для виски! Главпункт на Московской"
            },
            "options": {
                "preset": "islands#blueDotIcon"
            }
        },
        {
            "type": "Feature",
            "geometry": {
                "type": "Point",
                "coordinates": [
                    30.2609,
                    59.84296
                ]
            },
            "properties": {
                "balloonContent": "В этом пункте можно купить только Камни для виски! Главпункт на Ветеранов Адрес: Санкт-Петербург, м. Проспект Ветеранов, бульвар Новаторов, дом 67 корпус 2 Время работы: с 10:00 до 21:00, без обеда, без выходных. Тел. 8 (812) 242-59-88.",
                "hintContent": "В этом пункте можно купить только Камни для виски! Главпункт на Ветеранов"
            },
            "options": {
                "preset": "islands#blueDotIcon"
            }
        },
        {
            "type": "Feature",
            "geometry": {
                "type": "Point",
                "coordinates": [
                    37.66795,
                    55.75284
                ]
            },
            "properties": {
                "balloonContent": "Магазин Камней для виски Адрес: Москва, м. Курская, Чкаловская, ул. Нижняя Сыромятническая, дом 10, строение 9, ARTPLAY Время работы: ежедневно с 12-00 до 21-00 Тел. +7 (985) 892-98-85.",
                "hintContent": "Магазин Камней для виски"
            },
            "options": {
                "preset": "islands#pinkDotIcon"
            }
        },
        {
            "type": "Feature",
            "geometry": {
                "type": "Point",
                "coordinates": [
                    37.494,
                    55.79078
                ]
            },
            "properties": {
                "balloonContent": "Шоу-рум Камней для виски в Москве В этом магазине можно купить только Камни для виски Адрес: Москва, м. Октябрьское поле, ул. Маршала Малиновского д. 6 корп. 1 офис 7 (офисный центр Старт) Время работы: пн-пт с 10:00 до 19:00, вс с 12:00 до 17:00, сб выходной. Тел. +7 (965) 262-15-08.",
                "hintContent": "Шоу-рум Камней для виски в Москве В этом магазине можно купить только Камни для виски"
            },
            "options": {
                "preset": "islands#pinkDotIcon"
            }
        },
        {
            "type": "Feature",
            "geometry": {
                "type": "Point",
                "coordinates": [
                    37.60271,
                    55.7652
                ]
            },
            "properties": {
                "balloonContent": "Центр выдачи \"Пушкинская\" Адрес: Москва, метро Пушкинская, Чеховская, Тверская, Палашевский Малый пер., д. 6, тел. 8-925-518-33-23. Время работы: ежедневно с 10-00 до 22-00.",
                "hintContent": "Центр выдачи \"Пушкинская\"",
                "iconContent": "1"
            },
            "options": {
                "preset": "islands#violetIcon"
            }
        },
        {
            "type": "Feature",
            "geometry": {
                "type": "Point",
                "coordinates": [
                    37.68574,
                    55.77188
                ]
            },
            "properties": {
                "balloonContent": "Центр выдачи \"Бауманская\" Адрес: Москва, метро Бауманская, ул. Ладожская, д.15, 8-925-642-43-33. Время работы: ежедневно с 10-00 до 22-00.",
                "hintContent": "Центр выдачи \"Бауманская\"",
                "iconContent": "2"
            },
            "options": {
                "preset": "islands#violetIcon"
            }
        },
        {
            "type": "Feature",
            "geometry": {
                "type": "Point",
                "coordinates": [
                    37.75747,
                    55.65847
                ]
            },
            "properties": {
                "balloonContent": "Центр выдачи \"Братиславская\" Адрес: Москва, метро Братиславская, ул.Братиславская д.16/2, 8-925-642-42-34. Время работы: ежедневно с 10-00 до 20-00.",
                "hintContent": "Центр выдачи \"Братиславская\"",
                "iconContent": "3"
            },
            "options": {
                "preset": "islands#violetIcon"
            }
        },
        {
            "type": "Feature",
            "geometry": {
                "type": "Point",
                "coordinates": [
                    37.55214,
                    55.6666
                ]
            },
            "properties": {
                "balloonContent": "Центр выдачи \"Новые Черемушки\" Адрес: Москва, метро Новые Черемушки, ул. Профсоюзная, д. 45, 8-495-718-75-88. Время работы: ежедневно с 10-00 до 20-00.",
                "hintContent": "Центр выдачи \"Новые Черемушки\"",
                "iconContent": "4"
            },
            "options": {
                "preset": "islands#violetIcon"
            }
        },
        {
            "type": "Feature",
            "geometry": {
                "type": "Point",
                "coordinates": [
                    37.57483,
                    55.83616
                ]
            },
            "properties": {
                "balloonContent": "Центр выдачи \"Петровско-Разумовская\" Адрес: Москва, метро Петровско-Разумовская, Линии Октябрьской железной дороги д.1, стр.5, 8-925-664-37-55. Время работы: ежедневно с 10-00 до 20-30.",
                "hintContent": "Центр выдачи \"Петровско-Разумовская\"",
                "iconContent": "5"
            },
            "options": {
                "preset": "islands#violetIcon"
            }
        },
        {
            "type": "Feature",
            "geometry": {
                "type": "Point",
                "coordinates": [
                    37.63009,
                    55.74029
                ]
            },
            "properties": {
                "balloonContent": "Центр выдачи \"Новокузнецкая\" Адрес: Москва, метро Новокузнецкая, Третьяковская, ул. Новокузнецкая, д.1, стр.1, 8-495-953-46-77. Время работы: ежедневно с 10-00 до 22-00.",
                "hintContent": "Центр выдачи \"Новокузнецкая\"",
                "iconContent": "6"
            },
            "options": {
                "preset": "islands#violetIcon"
            }
        },
        {
            "type": "Feature",
            "geometry": {
                "type": "Point",
                "coordinates": [
                    37.4803,
                    55.66227
                ]
            },
            "properties": {
                "balloonContent": "Центр выдачи \"Юго-Западная\" Адрес: Москва, метро Юго-Западная, просп. Вернадского, д. 86Б, стр. 1, этаж 3, 2-ое здание ТЦ АЛЬМИРАЛ, 8-925-642-20-44. Время работы: ежедневно с 10-00 до 20-30.",
                "hintContent": "Центр выдачи \"Юго-Западная\"",
                "iconContent": "7"
            },
            "options": {
                "preset": "islands#violetIcon"
            }
        },
        {
            "type": "Feature",
            "geometry": {
                "type": "Point",
                "coordinates": [
                    37.71115,
                    55.79483
                ]
            },
            "properties": {
                "balloonContent": "Центр выдачи \"Преображенская площадь\" Адрес: Москва, метро Преображенская площадь, Преображенская пл., д. 6, этаж 2, 8-495-964-80-06. Время работы: ежедневно с 10-00 до 22-00.",
                "hintContent": "Центр выдачи \"Преображенская площадь\"",
                "iconContent": "8"
            },
            "options": {
                "preset": "islands#violetIcon"
            }
        },
        {
            "type": "Feature",
            "geometry": {
                "type": "Point",
                "coordinates": [
                    37.4903,
                    55.79375
                ]
            },
            "properties": {
                "balloonContent": "Центр выдачи \"Октябрьское поле\" Адрес: Москва, метро Октябрьское поле, Маршала Мерецкова д. 4, 8-926-779-90-51. Время работы: ежедневно с 10-00 до 22-00.",
                "hintContent": "Центр выдачи \"Октябрьское поле\"",
                "iconContent": "9"
            },
            "options": {
                "preset": "islands#violetIcon"
            }
        },
        {
            "type": "Feature",
            "geometry": {
                "type": "Point",
                "coordinates": [
                    37.79839,
                    55.80912
                ]
            },
            "properties": {
                "balloonContent": "Центр выдачи \"Щелковская\" Адрес: Москва, метро Щелковская, 9-я парковая, вл. 61 А. стр.1, 8 (926) 779-31-51. Время работы: c понедельника по субботу с 10-00 до 21-00, воскресенье с 10-00 до 19-00.",
                "hintContent": "Центр выдачи \"Щелковская\"",
                "iconContent": "10"
            },
            "options": {
                "preset": "islands#violetIcon"
            }
        },
        {
            "type": "Feature",
            "geometry": {
                "type": "Point",
                "coordinates": [
                    37.81828,
                    55.75268
                ]
            },
            "properties": {
                "balloonContent": "Центр выдачи \"Новогиреево\" Адрес: Москва, метро Новогиреево, Свободный проспект 33А, 8 (926) 918-03-46. Время работы: c понедельника по субботу с 10-00 до 20-30, воскресенье с 10-00 до 20-00.",
                "hintContent": "Центр выдачи \"Новогиреево\"",
                "iconContent": "11"
            },
            "options": {
                "preset": "islands#violetIcon"
            }
        },
        {
            "type": "Feature",
            "geometry": {
                "type": "Point",
                "coordinates": [
                    37.8124,
                    55.71711
                ]
            },
            "properties": {
                "balloonContent": "Центр выдачи \"Выхино\" Адрес: Москва, метро Выхино, ул. Хлобыстова д.3, 8 (926) 906-47-09. Время работы: ежедневно с 10-00 до 21-30.",
                "hintContent": "Центр выдачи \"Выхино\"",
                "iconContent": "12"
            },
            "options": {
                "preset": "islands#violetIcon"
            }
        },
        {
            "type": "Feature",
            "geometry": {
                "type": "Point",
                "coordinates": [
                    37.47585,
                    55.85403
                ]
            },
            "properties": {
                "balloonContent": "Центр выдачи \"Речной Вокзал\" Адрес: Фестивальная улица, 2а, Москва, Россия",
                "hintContent": "Центр выдачи \"Речной Вокзал\"",
                "iconContent": "13"
            },
            "options": {
                "preset": "islands#violetIcon"
            }
        },
        {
            "type": "Feature",
            "geometry": {
                "type": "Point",
                "coordinates": [
                    37.36319,
                    55.84618
                ]
            },
            "properties": {
                "balloonContent": "Центр выдачи \"Митино\" Адрес: Москва, м. Митино, ул. Митинская, д.36, тел. 8-925-006-11-37. Время работы: ежедневно с 10-00 до 21-00.",
                "hintContent": "Центр выдачи \"Митино\"",
                "iconContent": "14"
            },
            "options": {
                "preset": "islands#violetIcon"
            }
        },
        {
            "type": "Feature",
            "geometry": {
                "type": "Point",
                "coordinates": [
                    37.43821,
                    55.85153
                ]
            },
            "properties": {
                "balloonContent": "Центр выдачи \"Сходненская\" Адрес: г. Москва, м. Сходненская, ул. Героев Панфиловцев, д. 1А, ТЦ Оранжевый Мир, тел. 8-925-006-11-27. Время работы: с понедельника по субботу с 10-00 до 21-00, воскресенье с 10-00 до 20-00.",
                "hintContent": "Центр выдачи \"Сходненская\"",
                "iconContent": "15"
            },
            "options": {
                "preset": "islands#violetIcon"
            }
        },
        {
            "type": "Feature",
            "geometry": {
                "type": "Point",
                "coordinates": [
                    37.50872,
                    55.61698
                ]
            },
            "properties": {
                "balloonContent": "Центр выдачи \"Теплый Стан\" Адрес: г. Москва, м. Теплый Стан, Новоясеневский проспект д. 2 А, тел. 8-925-005-01-08. Время работы: ежедневно с 10-00 до 22-00.",
                "hintContent": "Центр выдачи \"Теплый Стан\"",
                "iconContent": "16"
            },
            "options": {
                "preset": "islands#violetIcon"
            }
        },
        {
            "type": "Feature",
            "geometry": {
                "type": "Point",
                "coordinates": [
                    37.66184,
                    55.67584
                ]
            },
            "properties": {
                "balloonContent": "Центр выдачи \"Коломенская\" Адрес: г. Москва, м. Коломенская, пр. Андропова д.36, тел. 8-926-520-71-98 Время работы: ежедневно с 10-00 до 22-00.",
                "hintContent": "Центр выдачи \"Коломенская\"",
                "iconContent": "17"
            },
            "options": {
                "preset": "islands#violetIcon"
            }
        },
        {
            "type": "Feature",
            "geometry": {
                "type": "Point",
                "coordinates": [
                    37.40616,
                    55.75399
                ]
            },
            "properties": {
                "balloonContent": "Центр выдачи \"Крылатское\" Адрес: г. Москва, м. Крылатское, ТЦ Рублевский, Рублевское шоссе д.48/1, тел. 8-499-792-62-71. Время работы: ежедневно с 11-00 до 22-00.",
                "hintContent": "Центр выдачи \"Крылатское\"",
                "iconContent": "18"
            },
            "options": {
                "preset": "islands#violetIcon"
            }
        },
        {
            "type": "Feature",
            "geometry": {
                "type": "Point",
                "coordinates": [
                    37.62076,
                    55.70903
                ]
            },
            "properties": {
                "balloonContent": "Центр выдачи \"Тульская\" Адрес: г. Москва, м. Тульская, ул. Большая Тульская, д.2, тел. 8-925-001-01-56. Время работы: ежедневно с 10-00 до 22-00.",
                "hintContent": "Центр выдачи \"Тульская\"",
                "iconContent": "19"
            },
            "options": {
                "preset": "islands#violetIcon"
            }
        },
        {
            "type": "Feature",
            "geometry": {
                "type": "Point",
                "coordinates": [
                    37.64623,
                    55.82203
                ]
            },
            "properties": {
                "balloonContent": "Центр выдачи \"ВДНХ\" Адрес: г. Москва, м. ВДНХ, ул. Проспект Мира, д. 150. Тел. 8-925-011-82-63. Время работы: ежедневно с 10-00 до 22-00.",
                "hintContent": "Центр выдачи \"ВДНХ\"",
                "iconContent": "20"
            },
            "options": {
                "preset": "islands#violetIcon"
            }
        },
        {
            "type": "Feature",
            "geometry": {
                "type": "Point",
                "coordinates": [
                    87.13604,
                    53.75572
                ]
            },
            "properties": {
                "balloonContent": "Центр выдачи в Новокузнецке №1 Адрес: г.Новокузнецк, Проезд курбатова ул, д.1а, оф.110. Тел. (3843) 701028, 8-901-615-7873 Заказ будет доставлен в пункт выдачи через 4-6 рабочих дня. Время работы: с понедельника по пятницу с 9-00 до 18-00.",
                "hintContent": "Центр выдачи в Новокузнецке №1",
                "iconContent": "1"
            },
            "options": {
                "preset": "islands#violetIcon"
            }
        },
        {
            "type": "Feature",
            "geometry": {
                "type": "Point",
                "coordinates": [
                    87.11971,
                    53.76176
                ]
            },
            "properties": {
                "balloonContent": "Центр выдачи в Новокузнецке №2 Адрес: г.Новокузнецк, Металлургов, д.38. Тел. (3843) 92-02-24, +7-903-908-3311 Заказ будет доставлен в пункт выдачи через 4-6 рабочих дня. Время работы: с понедельника по пятницу с 9-00 до 20-00, суббота с 9-00 до 17-00.",
                "hintContent": "Центр выдачи в Новокузнецке №2",
                "iconContent": "2"
            },
            "options": {
                "preset": "islands#violetIcon"
            }
        },
        {
            "type": "Feature",
            "geometry": {
                "type": "Point",
                "coordinates": [
                    86.0712,
                    55.33585
                ]
            },
            "properties": {
                "balloonContent": "Центр выдачи в Кемерово Адрес: г.Кемерово, ул.Пролетарская, 24. Тел. +7(3842) 45-25-65 вн.4202, +7-913-311-97-12 Заказ будет доставлен в пункт выдачи через 4-6 рабочих дня. Время работы: с понедельника по пятницу с 9-00 до 18-00, суббота с 10-00 до 14-00.",
                "hintContent": "Центр выдачи в Кемерово"
            },
            "options": {
                "preset": "islands#violetDotIcon"
            }
        },
        {
            "type": "Feature",
            "geometry": {
                "type": "Point",
                "coordinates": [
                    47.88971,
                    56.64594
                ]
            },
            "properties": {
                "balloonContent": "Центр выдачи в Йошкар-Оле Адрес: г.Йошкар-Ола, Пролетарская ул., д.39, оф.20. Тел. (987) 712-3222, 712-3663, 8 (902) 67-07-307 Заказ будет доставлен в пункт выдачи через 4-6 рабочих дня. Время работы: с понедельника по пятницу с 9-00 до 19-00, суббота с 13-00 по 14-00.",
                "hintContent": "Центр выдачи в Йошкар-Оле"
            },
            "options": {
                "preset": "islands#violetDotIcon"
            }
        },
        {
            "type": "Feature",
            "geometry": {
                "type": "Point",
                "coordinates": [
                    55.15377,
                    51.78313
                ]
            },
            "properties": {
                "balloonContent": "Центр выдачи в Оренбурге Адрес: г.Оренбург, Восточная ул, д.42/6. Тел. (3532) 90-10-50, 90-10-60 Заказ будет доставлен в пункт выдачи через 4-6 рабочих дня. Время работы: с понедельника по пятницу с 9-00 до 18-00, суббота с 10-00 до 14-00.",
                "hintContent": "Центр выдачи в Оренбурге"
            },
            "options": {
                "preset": "islands#violetDotIcon"
            }
        },
        {
            "type": "Feature",
            "geometry": {
                "type": "Point",
                "coordinates": [
                    45.98289,
                    51.57134
                ]
            },
            "properties": {
                "balloonContent": "Центр выдачи в Саратове Адрес: г.Саратов, 50 лет октября пр-т., д.110а, кор.8, оф.307. Тел. 8 (8452) 475-475 Время работы: с понедельника по пятницу с 9-00 до 18-00. Заказ будет доставлен в пункт выдачи через 3-5 рабочих дня.",
                "hintContent": "Центр выдачи в Саратове"
            },
            "options": {
                "preset": "islands#violetDotIcon"
            }
        },
        {
            "type": "Feature",
            "geometry": {
                "type": "Point",
                "coordinates": [
                    131.91478,
                    43.11384
                ]
            },
            "properties": {
                "balloonContent": "Центр выдачи во Владивостоке №1 Адрес: г.Владивосток, Пушкинская ул, д.52, оф.б/н. Тел. (4232) 59-09-00, 56-18-64, 75-53-58 Заказ будет доставлен в пункт выдачи через 5-8 рабочих дней. Время работы: с понедельника по пятницу с 9-00 до 19-00, суббота с 9-00 до 13-00.",
                "hintContent": "Центр выдачи во Владивостоке №1",
                "iconContent": "1"
            },
            "options": {
                "preset": "islands#violetIcon"
            }
        },
        {
            "type": "Feature",
            "geometry": {
                "type": "Point",
                "coordinates": [
                    131.9218,
                    43.17439
                ]
            },
            "properties": {
                "balloonContent": "Центр выдачи во Владивостоке №2 Адрес: г.Владивосток, Давыдова ул, д.22а. Тел. (4232) 243854, 2653864 Заказ будет доставлен в пункт выдачи через 5-8 рабочих дней. Время работы: с понедельника по пятницу с 9-00 до 18-00.",
                "hintContent": "Центр выдачи во Владивостоке №2",
                "iconContent": "2"
            },
            "options": {
                "preset": "islands#violetIcon"
            }
        },
        {
            "type": "Feature",
            "geometry": {
                "type": "Point",
                "coordinates": [
                    84.98929,
                    56.47078
                ]
            },
            "properties": {
                "balloonContent": "Центр выдачи в Томске Адрес: г.Томск, Енисейская ул, д.37, оф.104,105. Тел. 8 (3822)211848,211948,200548,789560 Заказ будет доставлен в пункт выдачи через 4-6 рабочих дня. Время работы: с понедельника по пятницу с 9-00 до 18-00, суббота с 10-00 до 14-00.",
                "hintContent": "Центр выдачи в Томске"
            },
            "options": {
                "preset": "islands#violetDotIcon"
            }
        },
        {
            "type": "Feature",
            "geometry": {
                "type": "Point",
                "coordinates": [
                    104.33735,
                    52.27845
                ]
            },
            "properties": {
                "balloonContent": "Центр выдачи в Иркутске Адрес: г.Иркутск, Ядринцева ул, д.1/2, оф.2. Тел. 8 (3952)702-094, 702-083 Заказ будет доставлен в пункт выдачи через 5-7 рабочих дня. Время работы: с понедельника по пятницу с 9-00 до 19-00, суббота с 10-00 до 16-00.",
                "hintContent": "Центр выдачи в Иркутске"
            },
            "options": {
                "preset": "islands#violetDotIcon"
            }
        },
        {
            "type": "Feature",
            "geometry": {
                "type": "Point",
                "coordinates": [
                    135.10818,
                    48.49648
                ]
            },
            "properties": {
                "balloonContent": "Центр выдачи в Хабаровске Адрес: г.Хабаровск, Промышленная ул., д.20д/1. Тел. 8 (4212) 465-015, 465 -016, 623-312 Заказ будет доставлен в пункт выдачи через 4-6 рабочих дня. Время работы: с понедельника по пятницу с 9-00 до 18-00, суббота с 10-00 до 14-00.",
                "hintContent": "Центр выдачи в Хабаровске"
            },
            "options": {
                "preset": "islands#violetDotIcon"
            }
        },
        {
            "type": "Feature",
            "geometry": {
                "type": "Point",
                "coordinates": [
                    39.73398,
                    43.60187
                ]
            },
            "properties": {
                "balloonContent": "Центр выдачи в Сочи Адрес: г.Сочи, Пластунская улица, д.47а, оф.11 (3 этаж). Тел. 8 (862) 261-39-62, 237-43-19 Заказ будет доставлен в пункт выдачи через 4-6 рабочих дней. Время работы: с понедельника по пятницу с 9-00 до 18-00, суббота с 10-00 до 14-00.",
                "hintContent": "Центр выдачи в Сочи"
            },
            "options": {
                "preset": "islands#violetDotIcon"
            }
        },
        {
            "type": "Feature",
            "geometry": {
                "type": "Point",
                "coordinates": [
                    55.98414,
                    54.72633
                ]
            },
            "properties": {
                "balloonContent": "Центр выдачи в Уфе Адрес: г.Уфа, Кирова ул, д.107. Тел. 8 (347) 224-20-91 Заказ будет доставлен в пункт выдачи через 4-6 рабочих дня. Время работы: с понедельника по пятницу с 9-00 до 18-30, суббота с 10-00 до 14-00.",
                "hintContent": "Центр выдачи в Уфе"
            },
            "options": {
                "preset": "islands#violetDotIcon"
            }
        },
        {
            "type": "Feature",
            "geometry": {
                "type": "Point",
                "coordinates": [
                    39.86481,
                    57.62473
                ]
            },
            "properties": {
                "balloonContent": "Центр выдачи в Ярославле №1 Адрес: г. Ярославль, ул. Рыбинская, д. 9. тел. +7 (4852) 64-38-86. Время работы: ежедневно, кроме воскресенья и праздничных дней с 10-00 до 20-00. Заказ будет доставлен в пункт выдачи через 2-3 рабочих дня.",
                "hintContent": "Центр выдачи в Ярославле №1",
                "iconContent": "1"
            },
            "options": {
                "preset": "islands#violetIcon"
            }
        },
        {
            "type": "Feature",
            "geometry": {
                "type": "Point",
                "coordinates": [
                    39.88246,
                    57.62166
                ]
            },
            "properties": {
                "balloonContent": "Центр выдачи в Ярославле №2 Адрес: г.Ярославль, Большая октябрьская ул., д.39/2. тел. +7 (4852) 73-23-22. Время работы: с понедельника по пятницу с 10-00 до 19-00. Заказ будет доставлен в пункт выдачи через 3-5 рабочих дня.",
                "hintContent": "Центр выдачи в Ярославле №2",
                "iconContent": "2"
            },
            "options": {
                "preset": "islands#violetIcon"
            }
        },
        {
            "type": "Feature",
            "geometry": {
                "type": "Point",
                "coordinates": [
                    39.86131,
                    57.6075
                ]
            },
            "properties": {
                "balloonContent": "Центр выдачи в Ярославле №3 Адрес: г.Ярославль, Карабулина ул., д.33/72, оф.105. тел. +7 (4852) 45-15-25, 42-95-85. Время работы: с понедельника по четверг с 9-00 до 17-00, пятница с 9-00 до 16-00. Заказ будет доставлен в пункт выдачи через 3-5 рабочих дня.",
                "hintContent": "Центр выдачи в Ярославле №3",
                "iconContent": "3"
            },
            "options": {
                "preset": "islands#violetIcon"
            }
        },
        {
            "type": "Feature",
            "geometry": {
                "type": "Point",
                "coordinates": [
                    20.53796,
                    54.74658
                ]
            },
            "properties": {
                "balloonContent": "Центр выдачи в Калининграде Адрес: г.Калининград, Ганзейский пер., д.6, тел. 8 (4012)777-272, 976-231, 976-230 Заказ будет доставлен в пункт выдачи через 3-5 рабочих дня. Время работы: с понедельника по пятницу с 9-00 до 18-00, суббота с 10-00 до 14-00.",
                "hintContent": "Центр выдачи в Калининграде"
            },
            "options": {
                "preset": "islands#violetDotIcon"
            }
        },
        {
            "type": "Feature",
            "geometry": {
                "type": "Point",
                "coordinates": [
                    35.90486,
                    56.85675
                ]
            },
            "properties": {
                "balloonContent": "Центр выдачи в Твери №1 Адрес: г. Тверь, ул. Симеоновская, д.1 (перекресток ул. Симеоновская- пер. Свободный, вход со стороны Свободного переулка). тел. 8 (4822)77-74-80. Время работы: ежедневно, кроме воскресенья и праздничных дней с 10-00 до 20-00. Заказ будет доставлен в пункт выдачи через 2-3 рабочих дня.",
                "hintContent": "Центр выдачи в Твери №1",
                "iconContent": "1"
            },
            "options": {
                "preset": "islands#violetIcon"
            }
        },
        {
            "type": "Feature",
            "geometry": {
                "type": "Point",
                "coordinates": [
                    35.91123,
                    56.8533
                ]
            },
            "properties": {
                "balloonContent": "Центр выдачи в Твери №2 Адрес: г.Тверь, Жигарева ул., д.7. тел. 8 (4822) 76-79-24, 75-03-25. Время работы: с понедельника по пятницу с 9-00 до 18-00, суббота с 11-00 до 15-00. Заказ будет доставлен в пункт выдачи через 3-5 рабочих дня.",
                "hintContent": "Центр выдачи в Твери №2",
                "iconContent": "2"
            },
            "options": {
                "preset": "islands#violetIcon"
            }
        },
        {
            "type": "Feature",
            "geometry": {
                "type": "Point",
                "coordinates": [
                    65.54734,
                    57.15471
                ]
            },
            "properties": {
                "balloonContent": "Центр выдачи в Тюмени №1 Адрес: г. Тюмень, ул. Советская, 55/3. тел. +7 (345) 268-38-11. Время работы: ежедневно, кроме воскресенья и праздничных дней с 10-00 до 20-00. Заказ будет доставлен в пункт выдачи через 4-5 рабочих дня\n",
                "hintContent": "Центр выдачи в Тюмени №1",
                "iconContent": "1"
            },
            "options": {
                "preset": "islands#violetIcon"
            }
        },
        {
            "type": "Feature",
            "geometry": {
                "type": "Point",
                "coordinates": [
                    65.54048,
                    57.15817
                ]
            },
            "properties": {
                "balloonContent": "Центр выдачи в Тюмени №2 Адрес: г.Тюмень, Дзержинского ул, д.15, оф.103 (вход с ул.сакко). Тел. 8 (3452) 560-999; доб. 7203, 7204 Время работы: с понедельника по пятницу с 9-00 до 19-00, суббота с 10-00 до 14-00. Заказ будет доставлен в пункт выдачи через 4-6 рабочих дня.",
                "hintContent": "Центр выдачи в Тюмени №2",
                "iconContent": "2"
            },
            "options": {
                "preset": "islands#violetIcon"
            }
        },
        {
            "type": "Feature",
            "geometry": {
                "type": "Point",
                "coordinates": [
                    44.53676,
                    48.71921
                ]
            },
            "properties": {
                "balloonContent": "Центр выдачи в Волгограде Адрес: г.Волгоград, Чуйкова маршала ул., д.55. Тел. +7 (8442) 551-500, 551-501, 551-505, +7-995-408-6658 Заказ будет доставлен в пункт выдачи через 3-5 рабочих дня. Время работы: с понедельника по пятницу с 9-00 до 18-00, суббота с 10-00 до 14-00.",
                "hintContent": "Центр выдачи в Волгограде"
            },
            "options": {
                "preset": "islands#violetDotIcon"
            }
        },
        {
            "type": "Feature",
            "geometry": {
                "type": "Point",
                "coordinates": [
                    39.17886,
                    51.67884
                ]
            },
            "properties": {
                "balloonContent": "Центр выдачи в Воронеже Адрес: г.Воронеж, Труда пр-т., д.67в Заказ будет доставлен в пункт выдачи через 3-5 рабочих дня. Время работы: с понедельника по пятницу с 9-00 до 18-00, суббота с 10-00 до 14-00.\n",
                "hintContent": "Центр выдачи в Воронеже"
            },
            "options": {
                "preset": "islands#violetDotIcon"
            }
        },
        {
            "type": "Feature",
            "geometry": {
                "type": "Point",
                "coordinates": [
                    49.3438,
                    53.54406
                ]
            },
            "properties": {
                "balloonContent": "Центр выдачи в Тольятти Адрес: г.Тольятти, Тополиная ул., д.18а. Тел. 8 (8482) 63-32-63, 53- 79-43. Время работы: с понедельника по пятницу с 9-00 до 18-00, суббота - с 10-00 до 14-00. Заказ будет доставлен в пункт выдачи через 4-6 рабочих дня.",
                "hintContent": "Центр выдачи в Тольятти"
            },
            "options": {
                "preset": "islands#violetDotIcon"
            }
        },
        {
            "type": "Feature",
            "geometry": {
                "type": "Point",
                "coordinates": [
                    50.15702,
                    53.20874
                ]
            },
            "properties": {
                "balloonContent": "Центр выдачи в Самаре Адрес: г.Самара, ул. Гая, д.6, СДЭК. Тел. +7 (846) 221-85-85; +7 (846) 207-09-22. Время работы: с понедельника по пятницу с 9-00 до 18-00, суббота - с 10-00 до 14-00. Заказ будет доставлен в пункт выдачи через 3-5 рабочих дня.",
                "hintContent": "Центр выдачи в Самаре"
            },
            "options": {
                "preset": "islands#violetDotIcon"
            }
        },
        {
            "type": "Feature",
            "geometry": {
                "type": "Point",
                "coordinates": [
                    92.88734,
                    56.03965
                ]
            },
            "properties": {
                "balloonContent": "Центр выдачи в Красноярске №1 Адрес: г.Красноярск, Шахтеров ул, д.49ж/4 №3 (Енисейский рынок). Тел. 8 (391) 295-88-10, 274-50-92. Заказ будет доставлен в пункт выдачи через 4-6 рабочих дня. Время работы: с понедельника по пятницу с 9-00 до 18-00, суббота с 10-00 до 16-00.",
                "hintContent": "Центр выдачи в Красноярске №1",
                "iconContent": "1"
            },
            "options": {
                "preset": "islands#violetIcon"
            }
        },
        {
            "type": "Feature",
            "geometry": {
                "type": "Point",
                "coordinates": [
                    92.87721,
                    56.01018
                ]
            },
            "properties": {
                "balloonContent": "Центр выдачи в Красноярске №2 Адрес: г.Красноярск, Сурикова ул, д.12. Тел. 8 (391) 295-88-10, 274-50-92. Заказ будет доставлен в пункт выдачи через 4-6 рабочих дня. Время работы: с понедельника по пятницу с 9-00 до 21-00, суббота, воскресенье с 10-00 до 18-00.",
                "hintContent": "Центр выдачи в Красноярске №2",
                "iconContent": "2"
            },
            "options": {
                "preset": "islands#violetIcon"
            }
        },
        {
            "type": "Feature",
            "geometry": {
                "type": "Point",
                "coordinates": [
                    92.88748,
                    56.0284
                ]
            },
            "properties": {
                "balloonContent": "Центр выдачи в Красноярске №3 Адрес: улица Шахтеров, 11а, Красноярск, Россия",
                "hintContent": "Центр выдачи в Красноярске №3",
                "iconContent": "3"
            },
            "options": {
                "preset": "islands#violetIcon"
            }
        },
        {
            "type": "Feature",
            "geometry": {
                "type": "Point",
                "coordinates": [
                    56.22031,
                    58.00057
                ]
            },
            "properties": {
                "balloonContent": "Центр выдачи в Перми Адрес: г.Пермь, Пушкина ул, д.116б. Тел. 8 (342) 200-90-28 Заказ будет доставлен в пункт выдачи через 4-6 рабочих дня. Время работы: с понедельника по пятницу с 8-00 до 20-00, суббота с 10-00 до 14-00.",
                "hintContent": "Центр выдачи в Перми"
            },
            "options": {
                "preset": "islands#violetDotIcon"
            }
        },
        {
            "type": "Feature",
            "geometry": {
                "type": "Point",
                "coordinates": [
                    73.38037,
                    54.98701
                ]
            },
            "properties": {
                "balloonContent": "Центр выдачи в Омске №1 Адрес: г.Омск, Сенная ул, д.34, тел. 8 (3812) 66-23-60 Заказ будет доставлен в пункт выдачи через 3-5 рабочих дней. Время работы: с понедельника по пятницу с 8-30 до 19-00, суббота с 10-00 до 14-00.",
                "hintContent": "Центр выдачи в Омске №1",
                "iconContent": "1"
            },
            "options": {
                "preset": "islands#violetIcon"
            }
        },
        {
            "type": "Feature",
            "geometry": {
                "type": "Point",
                "coordinates": [
                    37.60624,
                    54.18087
                ]
            },
            "properties": {
                "balloonContent": "Центр выдачи в Туле Адрес: г.Тула, ул. Первомайская, д. 2. тел. +7 (4872) 52-12-42, +7 (953) 197-05-05. Время работы: с понедельника по пятницу с 9-00 до 19-00, суббота с 10-00 до 14-00. Заказ будет доставлен в пункт выдачи через 3-5 рабочих дней.",
                "hintContent": "Центр выдачи в Туле"
            },
            "options": {
                "preset": "islands#violetDotIcon"
            }
        },
        {
            "type": "Feature",
            "geometry": {
                "type": "Point",
                "coordinates": [
                    43.9931,
                    56.31149
                ]
            },
            "properties": {
                "balloonContent": "Центр выдачи в Нижнем Новгороде №1 Адрес: Нижний Новгород, Короленко ул. дом 19 б, тел. 8-831-421-67-31. Время работы: ежедневно, кроме воскресенья и праздничных дней с 10-00 до 20-00. Заказ будет доставлен в пункт выдачи через 2-3 рабочих дня.",
                "hintContent": "Центр выдачи в Нижнем Новгороде №1",
                "iconContent": "1"
            },
            "options": {
                "preset": "islands#violetIcon"
            }
        },
        {
            "type": "Feature",
            "geometry": {
                "type": "Point",
                "coordinates": [
                    43.86703,
                    56.35679
                ]
            },
            "properties": {
                "balloonContent": "Центр выдачи в Нижнем Новгороде №2 Адрес: Нижний Новгород, ул. Баррикад, д.1, корп.5, тел. 8-831-281-81-85. Время работы: ежедневно, кроме воскресенья и праздничных дней с 10-00 до 20-00. Заказ будет доставлен в пункт выдачи через 2-3 рабочих дня.",
                "hintContent": "Центр выдачи в Нижнем Новгороде №2",
                "iconContent": "2"
            },
            "options": {
                "preset": "islands#violetIcon"
            }
        },
        {
            "type": "Feature",
            "geometry": {
                "type": "Point",
                "coordinates": [
                    43.92725,
                    56.27483
                ]
            },
            "properties": {
                "balloonContent": "Центр выдачи в Нижнем Новгороде №3 Адрес: г.Нижний Новгород, Норильская ул, д.6 Заказ будет доставлен в пункт выдачи через 3-5 рабочих дня. Время работы: с понедельника по пятницу с 9-00 до 18-00, суббота с 10-00 до 14-00.",
                "hintContent": "Центр выдачи в Нижнем Новгороде №3",
                "iconContent": "3"
            },
            "options": {
                "preset": "islands#violetIcon"
            }
        },
        {
            "type": "Feature",
            "geometry": {
                "type": "Point",
                "coordinates": [
                    39.01618,
                    45.03465
                ]
            },
            "properties": {
                "balloonContent": "Центр выдачи в Краснодаре Адрес: г.Краснодар, Плановый пер, д.3, тел. +7 (861) 204-00-64, +7 (909) 444-7227 Заказ будет доставлен в пункт выдачи через 3-5 рабочих дня. Время работы: с понедельника по пятницу с 10-00 до 18-00, суббота с 10-00 до 14-00.\n",
                "hintContent": "Центр выдачи в Краснодаре"
            },
            "options": {
                "preset": "islands#violetDotIcon"
            }
        },
        {
            "type": "Feature",
            "geometry": {
                "type": "Point",
                "coordinates": [
                    61.36969,
                    55.15716
                ]
            },
            "properties": {
                "balloonContent": "Центр выдачи в Челябинске №1 Адрес: г. Челябинск, ул. Тернопольская д.6 (ориентир ул. Сони Кривой д. 83). тел. 8 3512 40-22-01. Время работы: ежедневно, кроме воскресенья и праздничных дней с 10-00 до 20-00. Заказ будет доставлен в пункт выдачи через 4-5 рабочих дня.",
                "hintContent": "Центр выдачи в Челябинске №1",
                "iconContent": "1"
            },
            "options": {
                "preset": "islands#violetIcon"
            }
        },
        {
            "type": "Feature",
            "geometry": {
                "type": "Point",
                "coordinates": [
                    61.43877,
                    55.16018
                ]
            },
            "properties": {
                "balloonContent": "Центр выдачи в Челябинске №2 Адрес: г.Челябинск, Ленина пр-т., д.15, тел. 8 (351) 225-01-84 Время работы: с понедельника по пятницу с 9-00 до 20-00, суббота, воскресенье с 9-00 до 18-00. Заказ доставлен в пункт выдачи будет через 4-6 рабочих дня.",
                "hintContent": "Центр выдачи в Челябинске №2",
                "iconContent": "2"
            },
            "options": {
                "preset": "islands#violetIcon"
            }
        },
        {
            "type": "Feature",
            "geometry": {
                "type": "Point",
                "coordinates": [
                    60.59611,
                    56.84107
                ]
            },
            "properties": {
                "balloonContent": "Центр выдачи в Екатеринбурге №1 Адрес: г. Екатеринбург, ул. 8 Марта, д. 8, ТЦ «Мытный двор», 2 этаж. тел. +7 (967) 633-36-48. Время работы: ежедневно, кроме воскресенья и праздничных дней с 10-00 до 20-00. Заказ будет доставлен в пункт выдачи через 4-5 рабочих дня.",
                "hintContent": "Центр выдачи в Екатеринбурге №1",
                "iconContent": "1"
            },
            "options": {
                "preset": "islands#violetIcon"
            }
        },
        {
            "type": "Feature",
            "geometry": {
                "type": "Point",
                "coordinates": [
                    60.59158,
                    56.89993
                ]
            },
            "properties": {
                "balloonContent": "Центр выдачи в Екатеринбурге №2 Адрес: г. Екатеринбург, 40 Лет Октября 55а, тел. 8-343-272-07-00. Время работы: ежедневно, кроме воскресенья и праздничных дней с 10-00 до 20-00. Заказ будет доставлен в пункт выдачи через 4-5 рабочих дня.",
                "hintContent": "Центр выдачи в Екатеринбурге №2",
                "iconContent": "2"
            },
            "options": {
                "preset": "islands#violetIcon"
            }
        },
        {
            "type": "Feature",
            "geometry": {
                "type": "Point",
                "coordinates": [
                    60.66477,
                    56.84239
                ]
            },
            "properties": {
                "balloonContent": "Центр выдачи в Екатеринбурге №3 Адрес: г.Екатеринбург, Малышева ул, д.145, тел. 8 (343) 278-75-28 Время работы: с понедельника по пятницу с 8-30 до 19-00, суббота с 10-00 до 14-00. Заказ будет доставлен в пункт выдачи через 4-6 рабочих дня.",
                "hintContent": "Центр выдачи в Екатеринбурге №3",
                "iconContent": "3"
            },
            "options": {
                "preset": "islands#violetIcon"
            }
        },
        {
            "type": "Feature",
            "geometry": {
                "type": "Point",
                "coordinates": [
                    60.5987,
                    56.83684
                ]
            },
            "properties": {
                "balloonContent": "Центр выдачи в Екатеринбурге №4 Адрес: улица 8 Марта, 8б, Екатеринбург, Свердловская область, Россия",
                "hintContent": "Центр выдачи в Екатеринбурге №4",
                "iconContent": "4"
            },
            "options": {
                "preset": "islands#violetIcon"
            }
        },
        {
            "type": "Feature",
            "geometry": {
                "type": "Point",
                "coordinates": [
                    82.92905,
                    55.01587
                ]
            },
            "properties": {
                "balloonContent": "Центр выдачи в Новосибирске №1 Адрес: г.Новосибирск, Кривощековская ул, д.15 кор. 5 Заказ будет доставлен в пункт выдачи через 3-5 рабочих дня. Время работы: с понедельника по пятницу с 8-00 до 22-00, в субботу с 10-00 до 16-00",
                "hintContent": "Центр выдачи в Новосибирске №1",
                "iconContent": "1"
            },
            "options": {
                "preset": "islands#violetIcon"
            }
        },
        {
            "type": "Feature",
            "geometry": {
                "type": "Point",
                "coordinates": [
                    82.9186,
                    55.0297
                ]
            },
            "properties": {
                "balloonContent": "Центр выдачи в Новосибирске №2 Адрес: г.Новосибирск, Ленина ул, д.1, тц аркада, оф. на ст. метро \"площадь ленина\" Заказ будет доставлен в пункт выдачи через 3-5 рабочих дня. Время работы: с понедельника по пятницу с 9-00 до 20-00 (обед 14-00 - 15-00), суббота, воскресенье с 10-00 до 18-00 (обед 14-00 - 15​-00)",
                "hintContent": "Центр выдачи в Новосибирске №2",
                "iconContent": "2"
            },
            "options": {
                "preset": "islands#violetIcon"
            }
        },
        {
            "type": "Feature",
            "geometry": {
                "type": "Point",
                "coordinates": [
                    82.89252,
                    54.98238
                ]
            },
            "properties": {
                "balloonContent": "Центр выдачи в Новосибирске №3 Адрес: г.Новосибирск, Карла маркса пл, д.5, тц \"гранит\", оф.2 этаж Заказ будет доставлен в пункт выдачи через 3-5 рабочих дня. Время работы: с понедельника по пятницу с 10-00 до 19-00 (обед 14-00 - 15-00)",
                "hintContent": "Центр выдачи в Новосибирске №3",
                "iconContent": "3"
            },
            "options": {
                "preset": "islands#violetIcon"
            }
        },
        {
            "type": "Feature",
            "geometry": {
                "type": "Point",
                "coordinates": [
                    34.35496,
                    53.24966
                ]
            },
            "properties": {
                "balloonContent": "Центр выдачи в Брянске Адрес: г. Брянск, Трудовая, д.5, тел. (4832) 777124, 777129 Заказ будет доставлен в пункт выдачи через 3-5 рабочих дня. Время работы: с понедельника по пятницу с 10-00 до 18-00, суббота с 9-00 до 12-00.",
                "hintContent": "Центр выдачи в Брянске"
            },
            "options": {
                "preset": "islands#violetDotIcon"
            }
        },
        {
            "type": "Feature",
            "geometry": {
                "type": "Point",
                "coordinates": [
                    36.59205,
                    50.61028
                ]
            },
            "properties": {
                "balloonContent": "Центр выдачи в Белгороде Адрес: г. Белгород, Попова ул., д.76а, тел. (4722) 500-290, 8-903-642-02-90 Заказ будет доставлен в пункт выдачи через 3-4 рабочих дня. Время работы: с понедельника по пятницу с 10-00 до 17-30, суббота с 9-00 до 14-00, воскресенье с 14-00 до 18-00.",
                "hintContent": "Центр выдачи в Белгороде"
            },
            "options": {
                "preset": "islands#violetDotIcon"
            }
        },
        {
            "type": "Feature",
            "geometry": {
                "type": "Point",
                "coordinates": [
                    83.75992,
                    53.34652
                ]
            },
            "properties": {
                "balloonContent": "Центр выдачи в Барнауле Адрес: г. Барнаул, Строителей пр-кт, д.29 Заказ будет доставлен в пункт выдачи через 4-6 рабочих дня. Время работы: с понедельника по пятницу с 9-00 до 18-00, суббота с 10-00 до 14-00.",
                "hintContent": "Центр выдачи в Барнауле"
            },
            "options": {
                "preset": "islands#violetDotIcon"
            }
        },
        {
            "type": "Feature",
            "geometry": {
                "type": "Point",
                "coordinates": [
                    39.70444,
                    47.22934
                ]
            },
            "properties": {
                "balloonContent": "Центр выдачи в Ростове-на-Дону Адрес: г. Ростов-на-Дону, пр. Буденновский, д. 68/81 Заказ будет доставлен в пункт выдачи через 3 рабочих дня. Время работы: с 10 до 20 часов ежедневно, кроме воскресенья и праздничных дней.",
                "hintContent": "Центр выдачи в Ростове-на-Дону"
            },
            "options": {
                "preset": "islands#violetIcon"
            }
        },
        {
            "type": "Feature",
            "geometry": {
                "type": "Point",
                "coordinates": [
                    39.74784,
                    47.24872
                ]
            },
            "properties": {
                "balloonContent": "Центр выдачи в Ростове-на-Дону Адрес: г.Ростов-на-Дону, Ленина пр-т., д.221/20. Тел. 8 (863) 209-80-85 Заказ будет доставлен в пункт выдачи через 3-5 рабочих дня. Время работы: с понедельника по пятницу с 9-00 до 18-00, суббота с 10-00 до 14-00.",
                "hintContent": "Центр выдачи в Ростове-на-Дону"
            },
            "options": {
                "preset": "islands#violetIcon"
            }
        },
        {
            "type": "Feature",
            "geometry": {
                "type": "Point",
                "coordinates": [
                    48.0286,
                    46.33567
                ]
            },
            "properties": {
                "balloonContent": "Центр выдачи в Астрахани Адрес: г.Астрахань, ул. Богдана Хмельницкого, д.43, СДЭК. тел. (8512)266992, 9881718814. Заказ будет доставлен в пункт выдачи через 3-5 рабочих дня. Время работы: с понедельника по пятницу с 9-00 до 18-00, суббота с 10-00 до 14-00.",
                "hintContent": "Центр выдачи в Астрахани"
            },
            "options": {
                "preset": "islands#violetDotIcon"
            }
        },
        {
            "type": "Feature",
            "geometry": {
                "type": "Point",
                "coordinates": [
                    39.60383,
                    52.6012
                ]
            },
            "properties": {
                "balloonContent": "Центр выдачи в Липецке Адрес: г.Липецк, Площадь Петра Великого ул., д.5, оф.05, тел. (4742) 74-44-07, 77-15-61\n\nЗаказ будет доставлен в пункт выдачи через 3-5 рабочих дня.\n\nВремя работы: с понедельника по пятницу с 9-00 до 18-00.",
                "hintContent": "Центр выдачи в Липецке"
            },
            "options": {
                "preset": "islands#violetDotIcon"
            }
        },
        {
            "type": "Feature",
            "geometry": {
                "type": "Point",
                "coordinates": [
                    39.89157,
                    59.22049
                ]
            },
            "properties": {
                "balloonContent": "Только курьерская доставка",
                "hintContent": "Только курьерская доставка"
            },
            "options": {
                "preset": "islands#greenDotIcon"
            }
        }
    ]
}
